PRAGMA foreign_keys=OFF;
BEGIN TRANSACTION;
CREATE TABLE incidents (
	id INTEGER NOT NULL, 
	trace_id VARCHAR(36) NOT NULL, 
	title VARCHAR(200) NOT NULL, 
	description TEXT NOT NULL, 
	reporter_email VARCHAR(254) NOT NULL, 
	attachment_type VARCHAR(10), 
	attachment_path VARCHAR(500), 
	status VARCHAR(20) NOT NULL, 
	created_at DATETIME NOT NULL, 
	updated_at DATETIME NOT NULL, linked_ticket_id INTEGER REFERENCES tickets(id), 
	PRIMARY KEY (id)
);
INSERT INTO incidents VALUES(1,'b3a4c410-f27c-44e5-95a3-a090b7964eff','Cache Layer Failure','Redis cache cluster is down. API response times increased 500%.','alerts@company.com',NULL,NULL,'ticketed','2026-04-08 21:20:53.090631','2026-04-08 21:20:53.440555',NULL);
INSERT INTO incidents VALUES(2,'c710ba01-7b15-4ac9-b8f1-1599a739566d','Database Connection Pool Exhausted','Production DB running out of connections - 45/50 used','oncall@company.com',NULL,NULL,'notified','2026-04-08 22:31:51.345558','2026-04-08 22:31:51.916990',NULL);
INSERT INTO incidents VALUES(3,'e071d1c1-ce37-4fea-9bfb-76082c973442','Payment Processing Service Down','Critical: Payment service is returning 503 errors. All transactions failing. Affects revenue. Last working 15 min ago.','alert@company.com',NULL,NULL,'notified','2026-04-08 22:33:40.044605','2026-04-08 22:33:40.433123',NULL);
INSERT INTO incidents VALUES(4,'1c17338c-01ea-4444-9b63-55bc1b7f6a56','API Gateway Memory Leak','API gateway memory increasing 5% per hour. At current rate will OOM in 4 hours. Affecting 50k requests/min','platform-team@company.com',NULL,NULL,'notified','2026-04-08 22:39:09.442532','2026-04-08 22:39:09.978237',NULL);
INSERT INTO incidents VALUES(5,'b944caaa-b817-43f2-b8f3-f3da8c84fa57','Critical Security Vulnerability Found','Zero-day vulnerability detected in authentication module. Affects all users. Immediate action required.','security@company.com',NULL,NULL,'notified','2026-04-08 22:40:24.257871','2026-04-08 22:40:24.426016',NULL);
INSERT INTO incidents VALUES(6,'cd8ad4f8-6746-450b-9eba-0696a309d8ea','Dual Mode Test','Validating both mock and real configurations','test@company.com',NULL,NULL,'notified','2026-04-08 22:49:13.659605','2026-04-08 22:49:13.689341',NULL);
INSERT INTO incidents VALUES(7,'d06949f1-6a9a-437f-981c-3f295490e5a6','Database connection pool exhausted [000]','Current pool usage: 95/100 connections. New requests timing out. Last occurred 2 days ago.','test0@company.com',NULL,NULL,'notified','2026-04-08 23:04:05.658995','2026-04-08 23:04:06.344529',NULL);
INSERT INTO incidents VALUES(8,'c7bfc86e-045d-4dd3-addf-66e7f52a22fc','Cache invalidation performing slowly [012]','Redis commands taking 100-500ms. Usually <10ms. Page loads affected. Possible network issue?','test12@company.com',NULL,NULL,'notified','2026-04-08 23:04:05.689260','2026-04-08 23:04:06.834299',NULL);
INSERT INTO incidents VALUES(9,'7ebdbc30-722e-4798-9319-5536ff5d3f54','SSL certificate expiring soon [008]','Production cert expires in 7 days. Need to renew before incident occurs.','test8@company.com',NULL,NULL,'notified','2026-04-08 23:04:05.691909','2026-04-08 23:04:06.316895',NULL);
INSERT INTO incidents VALUES(10,'ad2b409e-16cd-4592-a670-f2e6fb64cdcd','Elasticsearch cluster health YELLOW [004]','1 shard unassigned. Search results may be incomplete. Need to investigate shard allocation.','test4@company.com',NULL,NULL,'notified','2026-04-08 23:04:05.693833','2026-04-08 23:04:06.970844',NULL);
INSERT INTO incidents VALUES(11,'6587a5a0-71bc-4cf0-9ddc-24350e90c436','Database connection pool exhausted [020]','Current pool usage: 95/100 connections. New requests timing out. Last occurred 2 days ago.','test20@company.com',NULL,NULL,'notified','2026-04-08 23:04:05.696730','2026-04-08 23:04:06.985112',NULL);
INSERT INTO incidents VALUES(12,'d8583939-26ba-4de9-9046-87d85395ca0d','Authentication service 503 errors [003]','JWT validation failing intermittently. Error rate: ~10%. Users reporting login issues in batches.','test3@company.com',NULL,NULL,'notified','2026-04-08 23:04:05.698779','2026-04-08 23:04:06.294633',NULL);
INSERT INTO incidents VALUES(13,'1415d995-4ffa-4699-a29e-eb24f43d1b4f','S3 upload failures (403 Forbidden) [006]','User file uploads failing with 403. IAM policy or credentials issue? Check AWS console.','test6@company.com',NULL,NULL,'notified','2026-04-08 23:04:05.700779','2026-04-08 23:04:06.311135',NULL);
INSERT INTO incidents VALUES(14,'3456bfaf-bd0f-4766-a98a-cfa39668bcf2','Message queue depth increasing [007]','RabbitMQ queue backlog growing. No messages being consumed? Consumer process down?','test7@company.com',NULL,NULL,'notified','2026-04-08 23:04:05.705609','2026-04-08 23:04:06.407165',NULL);
INSERT INTO incidents VALUES(15,'80cd9ae8-9039-4a52-bf3f-64e36eb84e8c','Elasticsearch cluster health YELLOW [014]','1 shard unassigned. Search results may be incomplete. Need to investigate shard allocation.','test14@company.com',NULL,NULL,'notified','2026-04-08 23:04:05.711753','2026-04-08 23:04:06.703531',NULL);
INSERT INTO incidents VALUES(16,'a2b7de18-edfd-4f26-b15f-a7ac5109b694','Cache invalidation performing slowly [002]','Redis commands taking 100-500ms. Usually <10ms. Page loads affected. Possible network issue?','test2@company.com',NULL,NULL,'notified','2026-04-08 23:04:05.715792','2026-04-08 23:04:06.380998',NULL);
INSERT INTO incidents VALUES(17,'e6b0a5cc-d7f4-43d6-a433-a01f7a54db7a','API Gateway memory leak detected [001]','Memory increasing ~5% per hour. Current: 3.2GB/4GB. At this rate, will OOM in ~4 hours. Check recent deployments.','test1@company.com',NULL,NULL,'notified','2026-04-08 23:04:05.717507','2026-04-08 23:04:06.582656',NULL);
INSERT INTO incidents VALUES(18,'165f7e1d-c6e7-47db-96bc-40ff9dcd1477','Database replication lag critical [009]','Read replicas falling behind write master by >30 seconds. Could cause stale data issues.','test9@company.com',NULL,NULL,'notified','2026-04-08 23:04:05.719645','2026-04-08 23:04:06.358074',NULL);
INSERT INTO incidents VALUES(19,'c709fad9-a943-4732-9a96-ade565b018da','Database connection pool exhausted [010]','Current pool usage: 95/100 connections. New requests timing out. Last occurred 2 days ago.','test10@company.com',NULL,NULL,'notified','2026-04-08 23:04:05.721106','2026-04-08 23:04:06.455732',NULL);
INSERT INTO incidents VALUES(20,'08f0a6bf-0482-4fb9-abe8-92a307ce2918','Nginx worker processes high CPU [005]','Upstream backend latency spiked. Worker processes hitting 100% CPU. Possible DDoS or traffic surge.','test5@company.com',NULL,NULL,'notified','2026-04-08 23:04:05.722679','2026-04-08 23:04:06.862117',NULL);
INSERT INTO incidents VALUES(21,'b184ba9c-aa93-4e72-a52a-08734636cfc3','API Gateway memory leak detected [011]','Memory increasing ~5% per hour. Current: 3.2GB/4GB. At this rate, will OOM in ~4 hours. Check recent deployments.','test11@company.com',NULL,NULL,'notified','2026-04-08 23:04:05.724601','2026-04-08 23:04:06.609453',NULL);
INSERT INTO incidents VALUES(22,'1e37ac46-c54a-4946-a719-3b51ac886f7d','S3 upload failures (403 Forbidden) [016]','User file uploads failing with 403. IAM policy or credentials issue? Check AWS console.','test16@company.com',NULL,NULL,'notified','2026-04-08 23:04:05.725965','2026-04-08 23:04:06.339790',NULL);
INSERT INTO incidents VALUES(23,'bfa7231b-cb30-4bf3-b24f-768d33edbd51','Authentication service 503 errors [013]','JWT validation failing intermittently. Error rate: ~10%. Users reporting login issues in batches.','test13@company.com',NULL,NULL,'notified','2026-04-08 23:04:05.738275','2026-04-08 23:04:06.348117',NULL);
INSERT INTO incidents VALUES(24,'550dd9fe-f1e1-4d1a-9448-e2695d976d3a','SSL certificate expiring soon [028]','Production cert expires in 7 days. Need to renew before incident occurs.','test28@company.com',NULL,NULL,'notified','2026-04-08 23:04:05.740013','2026-04-08 23:04:06.428435',NULL);
INSERT INTO incidents VALUES(25,'3390f4fd-b3bf-44cd-8cc5-952dafc0f6bb','Authentication service 503 errors [033]','JWT validation failing intermittently. Error rate: ~10%. Users reporting login issues in batches.','test33@company.com',NULL,NULL,'notified','2026-04-08 23:04:05.741909','2026-04-08 23:04:06.396087',NULL);
INSERT INTO incidents VALUES(26,'1236ff3e-0545-4494-ab64-669fd9580192','Elasticsearch cluster health YELLOW [024]','1 shard unassigned. Search results may be incomplete. Need to investigate shard allocation.','test24@company.com',NULL,NULL,'notified','2026-04-08 23:04:05.743638','2026-04-08 23:04:06.457941',NULL);
INSERT INTO incidents VALUES(27,'ac3661c5-df4d-44b1-970b-bb103b9a621c','Cache invalidation performing slowly [032]','Redis commands taking 100-500ms. Usually <10ms. Page loads affected. Possible network issue?','test32@company.com',NULL,NULL,'notified','2026-04-08 23:04:05.745306','2026-04-08 23:04:06.388165',NULL);
INSERT INTO incidents VALUES(28,'054ab12a-8e4e-49df-b437-0958162209dd','Database replication lag critical [019]','Read replicas falling behind write master by >30 seconds. Could cause stale data issues.','test19@company.com',NULL,NULL,'notified','2026-04-08 23:04:05.747060','2026-04-08 23:04:06.369329',NULL);
INSERT INTO incidents VALUES(29,'02a47571-d8a7-4aa3-acb8-2c8caed905a2','API Gateway memory leak detected [041]','Memory increasing ~5% per hour. Current: 3.2GB/4GB. At this rate, will OOM in ~4 hours. Check recent deployments.','test41@company.com',NULL,NULL,'notified','2026-04-08 23:04:05.748788','2026-04-08 23:04:06.331646',NULL);
INSERT INTO incidents VALUES(30,'e1ff55db-9f5b-4ab1-a1ed-b819018c5aa2','Message queue depth increasing [037]','RabbitMQ queue backlog growing. No messages being consumed? Consumer process down?','test37@company.com',NULL,NULL,'notified','2026-04-08 23:04:05.750249','2026-04-08 23:04:06.744315',NULL);
INSERT INTO incidents VALUES(31,'c1b8c33a-0edd-4b4a-8d81-92ffdc605ef3','S3 upload failures (403 Forbidden) [036]','User file uploads failing with 403. IAM policy or credentials issue? Check AWS console.','test36@company.com',NULL,NULL,'notified','2026-04-08 23:04:05.751848','2026-04-08 23:04:06.354315',NULL);
INSERT INTO incidents VALUES(32,'4149726e-076c-4415-812c-722a91fe7d29','Message queue depth increasing [017]','RabbitMQ queue backlog growing. No messages being consumed? Consumer process down?','test17@company.com',NULL,NULL,'notified','2026-04-08 23:04:05.753301','2026-04-08 23:04:06.326118',NULL);
INSERT INTO incidents VALUES(33,'c79cca22-0374-49ba-9550-95d9132825dc','Authentication service 503 errors [023]','JWT validation failing intermittently. Error rate: ~10%. Users reporting login issues in batches.','test23@company.com',NULL,NULL,'notified','2026-04-08 23:04:05.755743','2026-04-08 23:04:06.375269',NULL);
INSERT INTO incidents VALUES(34,'616ab771-5346-45c5-a73f-661faf90fda7','API Gateway memory leak detected [021]','Memory increasing ~5% per hour. Current: 3.2GB/4GB. At this rate, will OOM in ~4 hours. Check recent deployments.','test21@company.com',NULL,NULL,'notified','2026-04-08 23:04:05.758302','2026-04-08 23:04:06.498977',NULL);
INSERT INTO incidents VALUES(35,'f04cb32b-f9e7-4f79-a903-ee491d0b9dcf','Database replication lag critical [039]','Read replicas falling behind write master by >30 seconds. Could cause stale data issues.','test39@company.com',NULL,NULL,'notified','2026-04-08 23:04:05.760648','2026-04-08 23:04:06.364125',NULL);
INSERT INTO incidents VALUES(36,'ba25b8af-2d3a-4751-b5d2-c4970b532a90','S3 upload failures (403 Forbidden) [026]','User file uploads failing with 403. IAM policy or credentials issue? Check AWS console.','test26@company.com',NULL,NULL,'notified','2026-04-08 23:04:05.762919','2026-04-08 23:04:06.431323',NULL);
INSERT INTO incidents VALUES(37,'be064457-8293-4d82-8b02-186cc0d2750b','Authentication service 503 errors [043]','JWT validation failing intermittently. Error rate: ~10%. Users reporting login issues in batches.','test43@company.com',NULL,NULL,'notified','2026-04-08 23:04:05.765360','2026-04-08 23:04:06.385194',NULL);
INSERT INTO incidents VALUES(38,'07e72fdf-7fc1-44bd-ad1e-4439ec0fb915','Cache invalidation performing slowly [022]','Redis commands taking 100-500ms. Usually <10ms. Page loads affected. Possible network issue?','test22@company.com',NULL,NULL,'notified','2026-04-08 23:04:05.767370','2026-04-08 23:04:06.346584',NULL);
INSERT INTO incidents VALUES(39,'cdd0f686-34b3-492a-9d6a-5d1b1809a6e1','Database connection pool exhausted [030]','Current pool usage: 95/100 connections. New requests timing out. Last occurred 2 days ago.','test30@company.com',NULL,NULL,'notified','2026-04-08 23:04:05.768965','2026-04-08 23:04:06.747330',NULL);
INSERT INTO incidents VALUES(40,'d6a483cc-e08d-4c03-b4ca-b17dbf6da88f','Elasticsearch cluster health YELLOW [034]','1 shard unassigned. Search results may be incomplete. Need to investigate shard allocation.','test34@company.com',NULL,NULL,'notified','2026-04-08 23:04:05.770535','2026-04-08 23:04:06.580959',NULL);
INSERT INTO incidents VALUES(41,'937bb31c-e681-4b78-b38d-e9611dc6c7a9','Database replication lag critical [029]','Read replicas falling behind write master by >30 seconds. Could cause stale data issues.','test29@company.com',NULL,NULL,'notified','2026-04-08 23:04:05.771957','2026-04-08 23:04:06.467222',NULL);
INSERT INTO incidents VALUES(42,'1573f404-ffa7-442f-8aa9-8400ca38026b','Nginx worker processes high CPU [035]','Upstream backend latency spiked. Worker processes hitting 100% CPU. Possible DDoS or traffic surge.','test35@company.com',NULL,NULL,'notified','2026-04-08 23:04:05.773562','2026-04-08 23:04:06.442748',NULL);
INSERT INTO incidents VALUES(43,'5974a619-ffcc-42fe-9c0b-14d676f7ca4e','API Gateway memory leak detected [031]','Memory increasing ~5% per hour. Current: 3.2GB/4GB. At this rate, will OOM in ~4 hours. Check recent deployments.','test31@company.com',NULL,NULL,'notified','2026-04-08 23:04:05.775082','2026-04-08 23:04:06.394430',NULL);
INSERT INTO incidents VALUES(44,'6642bb41-1c2c-429d-8f13-10787950b5cb','SSL certificate expiring soon [018]','Production cert expires in 7 days. Need to renew before incident occurs.','test18@company.com',NULL,NULL,'notified','2026-04-08 23:04:05.776677','2026-04-08 23:04:06.476400',NULL);
INSERT INTO incidents VALUES(45,'5263a297-a248-4d80-aef1-63c4602644a3','Nginx worker processes high CPU [025]','Upstream backend latency spiked. Worker processes hitting 100% CPU. Possible DDoS or traffic surge.','test25@company.com',NULL,NULL,'notified','2026-04-08 23:04:05.778011','2026-04-08 23:04:06.397581',NULL);
INSERT INTO incidents VALUES(46,'658a057a-8e93-46fc-a670-9510a2df6932','Nginx worker processes high CPU [045]','Upstream backend latency spiked. Worker processes hitting 100% CPU. Possible DDoS or traffic surge.','test45@company.com',NULL,NULL,'notified','2026-04-08 23:04:05.780761','2026-04-08 23:04:06.401142',NULL);
INSERT INTO incidents VALUES(47,'47f10435-3007-429e-b848-5b9793e895af','Message queue depth increasing [027]','RabbitMQ queue backlog growing. No messages being consumed? Consumer process down?','test27@company.com',NULL,NULL,'notified','2026-04-08 23:04:05.783065','2026-04-08 23:04:06.760454',NULL);
INSERT INTO incidents VALUES(48,'7af23560-70f3-42b7-a254-60f332214309','Nginx worker processes high CPU [015]','Upstream backend latency spiked. Worker processes hitting 100% CPU. Possible DDoS or traffic surge.','test15@company.com',NULL,NULL,'notified','2026-04-08 23:04:05.784887','2026-04-08 23:04:06.752358',NULL);
INSERT INTO incidents VALUES(49,'c1b97b10-dfda-4403-b58a-42ac8ea86150','SSL certificate expiring soon [048]','Production cert expires in 7 days. Need to renew before incident occurs.','test48@company.com',NULL,NULL,'notified','2026-04-08 23:04:05.786395','2026-04-08 23:04:06.711023',NULL);
INSERT INTO incidents VALUES(50,'ebf05ef1-5f08-4650-a504-88e44c679511','SSL certificate expiring soon [038]','Production cert expires in 7 days. Need to renew before incident occurs.','test38@company.com',NULL,NULL,'notified','2026-04-08 23:04:05.788220','2026-04-08 23:04:06.725634',NULL);
INSERT INTO incidents VALUES(51,'7ee0dfb0-887f-45cc-bbcd-ba0b3afab9d7','Elasticsearch cluster health YELLOW [044]','1 shard unassigned. Search results may be incomplete. Need to investigate shard allocation.','test44@company.com',NULL,NULL,'notified','2026-04-08 23:04:05.789693','2026-04-08 23:04:06.870977',NULL);
INSERT INTO incidents VALUES(52,'f6403132-288c-454c-96cb-acd3bc7c0ef0','Cache invalidation performing slowly [042]','Redis commands taking 100-500ms. Usually <10ms. Page loads affected. Possible network issue?','test42@company.com',NULL,NULL,'notified','2026-04-08 23:04:05.791127','2026-04-08 23:04:06.676418',NULL);
INSERT INTO incidents VALUES(53,'0f2c0811-55b4-402e-ad40-d0c6f94b8bd8','Database connection pool exhausted [040]','Current pool usage: 95/100 connections. New requests timing out. Last occurred 2 days ago.','test40@company.com',NULL,NULL,'notified','2026-04-08 23:04:05.792614','2026-04-08 23:04:06.808904',NULL);
INSERT INTO incidents VALUES(54,'d7827cf2-d1b3-4bef-b333-452cea332dbd','Message queue depth increasing [047]','RabbitMQ queue backlog growing. No messages being consumed? Consumer process down?','test47@company.com',NULL,NULL,'notified','2026-04-08 23:04:05.794190','2026-04-08 23:04:06.698087',NULL);
INSERT INTO incidents VALUES(55,'c4f82aa3-8536-42ed-a3f8-b57d0926cd18','Database replication lag critical [049]','Read replicas falling behind write master by >30 seconds. Could cause stale data issues.','test49@company.com',NULL,NULL,'notified','2026-04-08 23:04:05.795566','2026-04-08 23:04:06.767949',NULL);
INSERT INTO incidents VALUES(56,'a8195a76-bc17-491a-897a-9373e50313db','S3 upload failures (403 Forbidden) [046]','User file uploads failing with 403. IAM policy or credentials issue? Check AWS console.','test46@company.com',NULL,NULL,'notified','2026-04-08 23:04:05.796867','2026-04-08 23:04:06.717565',NULL);
CREATE TABLE observability_events (
	id INTEGER NOT NULL, 
	trace_id VARCHAR(36) NOT NULL, 
	stage VARCHAR(20) NOT NULL, 
	incident_id INTEGER, 
	status VARCHAR(10) NOT NULL, 
	duration_ms INTEGER NOT NULL, 
	metadata TEXT NOT NULL, 
	created_at DATETIME NOT NULL, 
	PRIMARY KEY (id)
);
INSERT INTO observability_events VALUES(1,'b3a4c410-f27c-44e5-95a3-a090b7964eff','ingest',NULL,'success',5,'{"injection_check": "passed", "attachment_type": null, "incident_id": 1}','2026-04-08 21:20:53.092128');
INSERT INTO observability_events VALUES(2,'b3a4c410-f27c-44e5-95a3-a090b7964eff','triage',1,'success',205,'{"severity_detected": "P3", "module_detected": "unknown", "confidence_score": 0.1, "model": "claude-sonnet-4-6", "has_image_attachment": false, "has_log_attachment": false, "num_suggested_files": 0}','2026-04-08 21:20:53.441798');
INSERT INTO observability_events VALUES(3,'c7552955-aeeb-4a14-a5af-312e508ed7b6','ingest',NULL,'error',42,'{"injection_check": "passed", "error": "400: {''error'': ''unsupported_file_type'', ''message'': \"File type ''application/x-empty'' is not allowed.\"}"}','2026-04-08 22:31:37.937629');
INSERT INTO observability_events VALUES(4,'c710ba01-7b15-4ac9-b8f1-1599a739566d','ingest',NULL,'success',9,'{"injection_check": "passed", "attachment_type": null, "incident_id": 2}','2026-04-08 22:31:51.350029');
INSERT INTO observability_events VALUES(5,'c710ba01-7b15-4ac9-b8f1-1599a739566d','triage',2,'success',244,'{"severity_detected": "P3", "module_detected": "unknown", "confidence_score": 0.1, "model": "claude-sonnet-4-6", "has_image_attachment": false, "has_log_attachment": false, "num_suggested_files": 0}','2026-04-08 22:31:51.909773');
INSERT INTO observability_events VALUES(6,'c710ba01-7b15-4ac9-b8f1-1599a739566d','ticket',2,'success',5,'{"ticket_id": 1, "card_id": "MOCK-38F87321", "card_url": "https://trello.com/c/MOCK-38F87321/mock-card", "severity": "P3", "module": "unknown", "labels": ["P3-Medium", "module-unknown"], "confidence_score": 0.1}','2026-04-08 22:31:51.918594');
INSERT INTO observability_events VALUES(7,'c710ba01-7b15-4ac9-b8f1-1599a739566d','notify',2,'success',8,'{"notifications_sent": ["slack", "email"], "notifications_failed": [], "ticket_id": 1, "card_url": "https://trello.com/c/MOCK-38F87321/mock-card", "reporter_email": "oncall@company.com"}','2026-04-08 22:31:51.928986');
INSERT INTO observability_events VALUES(8,'e071d1c1-ce37-4fea-9bfb-76082c973442','ingest',NULL,'success',30,'{"injection_check": "passed", "attachment_type": null, "incident_id": 3}','2026-04-08 22:33:40.052289');
INSERT INTO observability_events VALUES(9,'e071d1c1-ce37-4fea-9bfb-76082c973442','triage',3,'success',189,'{"severity_detected": "P3", "module_detected": "unknown", "confidence_score": 0.1, "model": "claude-sonnet-4-6", "has_image_attachment": false, "has_log_attachment": false, "num_suggested_files": 0}','2026-04-08 22:33:40.426247');
INSERT INTO observability_events VALUES(10,'e071d1c1-ce37-4fea-9bfb-76082c973442','ticket',3,'success',4,'{"ticket_id": 2, "card_id": "MOCK-F5E57DAF", "card_url": "https://trello.com/c/MOCK-F5E57DAF/mock-card", "severity": "P3", "module": "unknown", "labels": ["P3-Medium", "module-unknown"], "confidence_score": 0.1}','2026-04-08 22:33:40.434345');
INSERT INTO observability_events VALUES(11,'e071d1c1-ce37-4fea-9bfb-76082c973442','notify',3,'success',4,'{"notifications_sent": ["slack", "email"], "notifications_failed": [], "ticket_id": 2, "card_url": "https://trello.com/c/MOCK-F5E57DAF/mock-card", "reporter_email": "alert@company.com"}','2026-04-08 22:33:40.439897');
INSERT INTO observability_events VALUES(12,'1c17338c-01ea-4444-9b63-55bc1b7f6a56','ingest',NULL,'success',26,'{"injection_check": "passed", "attachment_type": null, "incident_id": 4}','2026-04-08 22:39:09.450319');
INSERT INTO observability_events VALUES(13,'1c17338c-01ea-4444-9b63-55bc1b7f6a56','triage',4,'success',310,'{"severity_detected": "P3", "module_detected": "unknown", "confidence_score": 0.1, "model": "claude-sonnet-4-6", "has_image_attachment": false, "has_log_attachment": false, "num_suggested_files": 0}','2026-04-08 22:39:09.971879');
INSERT INTO observability_events VALUES(14,'1c17338c-01ea-4444-9b63-55bc1b7f6a56','ticket',4,'success',4,'{"ticket_id": 3, "card_id": "MOCK-D9BB0E62", "card_url": "https://trello.com/c/MOCK-D9BB0E62/mock-card", "severity": "P3", "module": "unknown", "labels": ["P3-Medium", "module-unknown"], "confidence_score": 0.1}','2026-04-08 22:39:09.979839');
INSERT INTO observability_events VALUES(15,'1c17338c-01ea-4444-9b63-55bc1b7f6a56','notify',4,'success',5,'{"notifications_sent": ["slack", "email"], "notifications_failed": [], "ticket_id": 3, "card_url": "https://trello.com/c/MOCK-D9BB0E62/mock-card", "reporter_email": "platform-team@company.com"}','2026-04-08 22:39:09.986903');
INSERT INTO observability_events VALUES(16,'b944caaa-b817-43f2-b8f3-f3da8c84fa57','ingest',NULL,'success',23,'{"injection_check": "passed", "attachment_type": null, "incident_id": 5}','2026-04-08 22:40:24.265131');
INSERT INTO observability_events VALUES(17,'b944caaa-b817-43f2-b8f3-f3da8c84fa57','triage',5,'success',5,'{"severity_detected": "P2", "module_detected": "backend", "confidence_score": 0.8, "model": "claude-sonnet-4-6", "has_image_attachment": false, "has_log_attachment": false, "num_suggested_files": 2}','2026-04-08 22:40:24.417931');
INSERT INTO observability_events VALUES(18,'b944caaa-b817-43f2-b8f3-f3da8c84fa57','ticket',5,'success',5,'{"ticket_id": 4, "card_id": "MOCK-024F17C3", "card_url": "https://trello.com/c/MOCK-024F17C3/mock-card", "severity": "P2", "module": "backend", "labels": ["P2-High", "module-backend"], "confidence_score": 0.8}','2026-04-08 22:40:24.428124');
INSERT INTO observability_events VALUES(19,'b944caaa-b817-43f2-b8f3-f3da8c84fa57','notify',5,'success',4,'{"notifications_sent": ["slack", "email"], "notifications_failed": [], "ticket_id": 4, "card_url": "https://trello.com/c/MOCK-024F17C3/mock-card", "reporter_email": "security@company.com"}','2026-04-08 22:40:24.433834');
INSERT INTO observability_events VALUES(20,'cd8ad4f8-6746-450b-9eba-0696a309d8ea','ingest',NULL,'success',6,'{"injection_check": "passed", "attachment_type": null, "incident_id": 6}','2026-04-08 22:49:13.665515');
INSERT INTO observability_events VALUES(21,'cd8ad4f8-6746-450b-9eba-0696a309d8ea','triage',6,'success',4,'{"severity_detected": "P2", "module_detected": "backend", "confidence_score": 0.8, "model": "claude-sonnet-4-6", "has_image_attachment": false, "has_log_attachment": false, "num_suggested_files": 2}','2026-04-08 22:49:13.683872');
INSERT INTO observability_events VALUES(22,'cd8ad4f8-6746-450b-9eba-0696a309d8ea','ticket',6,'success',4,'{"ticket_id": 5, "card_id": "MOCK-CDEAE234", "card_url": "https://trello.com/c/MOCK-CDEAE234/mock-card", "severity": "P2", "module": "backend", "labels": ["P2-High", "module-backend"], "confidence_score": 0.8}','2026-04-08 22:49:13.690508');
INSERT INTO observability_events VALUES(23,'cd8ad4f8-6746-450b-9eba-0696a309d8ea','notify',6,'success',7,'{"notifications_sent": ["slack", "email"], "notifications_failed": [], "ticket_id": 5, "card_url": "https://trello.com/c/MOCK-CDEAE234/mock-card", "reporter_email": "test@company.com"}','2026-04-08 22:49:13.699991');
INSERT INTO observability_events VALUES(24,'d06949f1-6a9a-437f-981c-3f295490e5a6','ingest',NULL,'success',7,'{"injection_check": "passed", "attachment_type": null, "incident_id": 7}','2026-04-08 23:04:05.664685');
INSERT INTO observability_events VALUES(25,'c7bfc86e-045d-4dd3-addf-66e7f52a22fc','ingest',NULL,'success',0,'{"injection_check": "passed", "attachment_type": null, "incident_id": 8}','2026-04-08 23:04:05.690331');
INSERT INTO observability_events VALUES(26,'7ebdbc30-722e-4798-9319-5536ff5d3f54','ingest',NULL,'success',0,'{"injection_check": "passed", "attachment_type": null, "incident_id": 9}','2026-04-08 23:04:05.692692');
INSERT INTO observability_events VALUES(27,'ad2b409e-16cd-4592-a670-f2e6fb64cdcd','ingest',NULL,'success',0,'{"injection_check": "passed", "attachment_type": null, "incident_id": 10}','2026-04-08 23:04:05.694891');
INSERT INTO observability_events VALUES(28,'6587a5a0-71bc-4cf0-9ddc-24350e90c436','ingest',NULL,'success',1,'{"injection_check": "passed", "attachment_type": null, "incident_id": 11}','2026-04-08 23:04:05.697591');
INSERT INTO observability_events VALUES(29,'d8583939-26ba-4de9-9046-87d85395ca0d','ingest',NULL,'success',0,'{"injection_check": "passed", "attachment_type": null, "incident_id": 12}','2026-04-08 23:04:05.699518');
INSERT INTO observability_events VALUES(30,'1415d995-4ffa-4699-a29e-eb24f43d1b4f','ingest',NULL,'success',0,'{"injection_check": "passed", "attachment_type": null, "incident_id": 13}','2026-04-08 23:04:05.701440');
INSERT INTO observability_events VALUES(31,'3456bfaf-bd0f-4766-a98a-cfa39668bcf2','ingest',NULL,'success',4,'{"injection_check": "passed", "attachment_type": null, "incident_id": 14}','2026-04-08 23:04:05.709918');
INSERT INTO observability_events VALUES(32,'80cd9ae8-9039-4a52-bf3f-64e36eb84e8c','ingest',NULL,'success',1,'{"injection_check": "passed", "attachment_type": null, "incident_id": 15}','2026-04-08 23:04:05.714130');
INSERT INTO observability_events VALUES(33,'a2b7de18-edfd-4f26-b15f-a7ac5109b694','ingest',NULL,'success',1,'{"injection_check": "passed", "attachment_type": null, "incident_id": 16}','2026-04-08 23:04:05.716497');
INSERT INTO observability_events VALUES(34,'e6b0a5cc-d7f4-43d6-a433-a01f7a54db7a','ingest',NULL,'success',1,'{"injection_check": "passed", "attachment_type": null, "incident_id": 17}','2026-04-08 23:04:05.718746');
INSERT INTO observability_events VALUES(35,'165f7e1d-c6e7-47db-96bc-40ff9dcd1477','ingest',NULL,'success',0,'{"injection_check": "passed", "attachment_type": null, "incident_id": 18}','2026-04-08 23:04:05.720191');
INSERT INTO observability_events VALUES(36,'c709fad9-a943-4732-9a96-ade565b018da','ingest',NULL,'success',0,'{"injection_check": "passed", "attachment_type": null, "incident_id": 19}','2026-04-08 23:04:05.721612');
INSERT INTO observability_events VALUES(37,'08f0a6bf-0482-4fb9-abe8-92a307ce2918','ingest',NULL,'success',0,'{"injection_check": "passed", "attachment_type": null, "incident_id": 20}','2026-04-08 23:04:05.723240');
INSERT INTO observability_events VALUES(38,'b184ba9c-aa93-4e72-a52a-08734636cfc3','ingest',NULL,'success',0,'{"injection_check": "passed", "attachment_type": null, "incident_id": 21}','2026-04-08 23:04:05.725116');
INSERT INTO observability_events VALUES(39,'1e37ac46-c54a-4946-a719-3b51ac886f7d','ingest',NULL,'success',0,'{"injection_check": "passed", "attachment_type": null, "incident_id": 22}','2026-04-08 23:04:05.735748');
INSERT INTO observability_events VALUES(40,'bfa7231b-cb30-4bf3-b24f-768d33edbd51','ingest',NULL,'success',0,'{"injection_check": "passed", "attachment_type": null, "incident_id": 23}','2026-04-08 23:04:05.738905');
INSERT INTO observability_events VALUES(41,'550dd9fe-f1e1-4d1a-9448-e2695d976d3a','ingest',NULL,'success',0,'{"injection_check": "passed", "attachment_type": null, "incident_id": 24}','2026-04-08 23:04:05.740650');
INSERT INTO observability_events VALUES(42,'3390f4fd-b3bf-44cd-8cc5-952dafc0f6bb','ingest',NULL,'success',0,'{"injection_check": "passed", "attachment_type": null, "incident_id": 25}','2026-04-08 23:04:05.742443');
INSERT INTO observability_events VALUES(43,'1236ff3e-0545-4494-ab64-669fd9580192','ingest',NULL,'success',0,'{"injection_check": "passed", "attachment_type": null, "incident_id": 26}','2026-04-08 23:04:05.744250');
INSERT INTO observability_events VALUES(44,'ac3661c5-df4d-44b1-970b-bb103b9a621c','ingest',NULL,'success',0,'{"injection_check": "passed", "attachment_type": null, "incident_id": 27}','2026-04-08 23:04:05.745846');
INSERT INTO observability_events VALUES(45,'054ab12a-8e4e-49df-b437-0958162209dd','ingest',NULL,'success',0,'{"injection_check": "passed", "attachment_type": null, "incident_id": 28}','2026-04-08 23:04:05.747582');
INSERT INTO observability_events VALUES(46,'02a47571-d8a7-4aa3-acb8-2c8caed905a2','ingest',NULL,'success',0,'{"injection_check": "passed", "attachment_type": null, "incident_id": 29}','2026-04-08 23:04:05.749368');
INSERT INTO observability_events VALUES(47,'e1ff55db-9f5b-4ab1-a1ed-b819018c5aa2','ingest',NULL,'success',0,'{"injection_check": "passed", "attachment_type": null, "incident_id": 30}','2026-04-08 23:04:05.751067');
INSERT INTO observability_events VALUES(48,'c1b8c33a-0edd-4b4a-8d81-92ffdc605ef3','ingest',NULL,'success',0,'{"injection_check": "passed", "attachment_type": null, "incident_id": 31}','2026-04-08 23:04:05.752330');
INSERT INTO observability_events VALUES(49,'4149726e-076c-4415-812c-722a91fe7d29','ingest',NULL,'success',0,'{"injection_check": "passed", "attachment_type": null, "incident_id": 32}','2026-04-08 23:04:05.753984');
INSERT INTO observability_events VALUES(50,'c79cca22-0374-49ba-9550-95d9132825dc','ingest',NULL,'success',0,'{"injection_check": "passed", "attachment_type": null, "incident_id": 33}','2026-04-08 23:04:05.756719');
INSERT INTO observability_events VALUES(51,'616ab771-5346-45c5-a73f-661faf90fda7','ingest',NULL,'success',0,'{"injection_check": "passed", "attachment_type": null, "incident_id": 34}','2026-04-08 23:04:05.759338');
INSERT INTO observability_events VALUES(52,'f04cb32b-f9e7-4f79-a903-ee491d0b9dcf','ingest',NULL,'success',0,'{"injection_check": "passed", "attachment_type": null, "incident_id": 35}','2026-04-08 23:04:05.762033');
INSERT INTO observability_events VALUES(53,'ba25b8af-2d3a-4751-b5d2-c4970b532a90','ingest',NULL,'success',0,'{"injection_check": "passed", "attachment_type": null, "incident_id": 36}','2026-04-08 23:04:05.764261');
INSERT INTO observability_events VALUES(54,'be064457-8293-4d82-8b02-186cc0d2750b','ingest',NULL,'success',0,'{"injection_check": "passed", "attachment_type": null, "incident_id": 37}','2026-04-08 23:04:05.766143');
INSERT INTO observability_events VALUES(55,'07e72fdf-7fc1-44bd-ad1e-4439ec0fb915','ingest',NULL,'success',0,'{"injection_check": "passed", "attachment_type": null, "incident_id": 38}','2026-04-08 23:04:05.767906');
INSERT INTO observability_events VALUES(56,'cdd0f686-34b3-492a-9d6a-5d1b1809a6e1','ingest',NULL,'success',0,'{"injection_check": "passed", "attachment_type": null, "incident_id": 39}','2026-04-08 23:04:05.769721');
INSERT INTO observability_events VALUES(57,'d6a483cc-e08d-4c03-b4ca-b17dbf6da88f','ingest',NULL,'success',0,'{"injection_check": "passed", "attachment_type": null, "incident_id": 40}','2026-04-08 23:04:05.771128');
INSERT INTO observability_events VALUES(58,'937bb31c-e681-4b78-b38d-e9611dc6c7a9','ingest',NULL,'success',0,'{"injection_check": "passed", "attachment_type": null, "incident_id": 41}','2026-04-08 23:04:05.772569');
INSERT INTO observability_events VALUES(59,'1573f404-ffa7-442f-8aa9-8400ca38026b','ingest',NULL,'success',0,'{"injection_check": "passed", "attachment_type": null, "incident_id": 42}','2026-04-08 23:04:05.774200');
INSERT INTO observability_events VALUES(60,'5974a619-ffcc-42fe-9c0b-14d676f7ca4e','ingest',NULL,'success',0,'{"injection_check": "passed", "attachment_type": null, "incident_id": 43}','2026-04-08 23:04:05.775574');
INSERT INTO observability_events VALUES(61,'6642bb41-1c2c-429d-8f13-10787950b5cb','ingest',NULL,'success',0,'{"injection_check": "passed", "attachment_type": null, "incident_id": 44}','2026-04-08 23:04:05.777164');
INSERT INTO observability_events VALUES(62,'5263a297-a248-4d80-aef1-63c4602644a3','ingest',NULL,'success',0,'{"injection_check": "passed", "attachment_type": null, "incident_id": 45}','2026-04-08 23:04:05.778489');
INSERT INTO observability_events VALUES(63,'658a057a-8e93-46fc-a670-9510a2df6932','ingest',NULL,'success',1,'{"injection_check": "passed", "attachment_type": null, "incident_id": 46}','2026-04-08 23:04:05.781923');
INSERT INTO observability_events VALUES(64,'47f10435-3007-429e-b848-5b9793e895af','ingest',NULL,'success',0,'{"injection_check": "passed", "attachment_type": null, "incident_id": 47}','2026-04-08 23:04:05.784021');
INSERT INTO observability_events VALUES(65,'7af23560-70f3-42b7-a254-60f332214309','ingest',NULL,'success',0,'{"injection_check": "passed", "attachment_type": null, "incident_id": 48}','2026-04-08 23:04:05.785483');
INSERT INTO observability_events VALUES(66,'c1b97b10-dfda-4403-b58a-42ac8ea86150','ingest',NULL,'success',0,'{"injection_check": "passed", "attachment_type": null, "incident_id": 49}','2026-04-08 23:04:05.786928');
INSERT INTO observability_events VALUES(67,'ebf05ef1-5f08-4650-a504-88e44c679511','ingest',NULL,'success',0,'{"injection_check": "passed", "attachment_type": null, "incident_id": 50}','2026-04-08 23:04:05.788793');
INSERT INTO observability_events VALUES(68,'7ee0dfb0-887f-45cc-bbcd-ba0b3afab9d7','ingest',NULL,'success',0,'{"injection_check": "passed", "attachment_type": null, "incident_id": 51}','2026-04-08 23:04:05.790213');
INSERT INTO observability_events VALUES(69,'f6403132-288c-454c-96cb-acd3bc7c0ef0','ingest',NULL,'success',0,'{"injection_check": "passed", "attachment_type": null, "incident_id": 52}','2026-04-08 23:04:05.791653');
INSERT INTO observability_events VALUES(70,'0f2c0811-55b4-402e-ad40-d0c6f94b8bd8','ingest',NULL,'success',0,'{"injection_check": "passed", "attachment_type": null, "incident_id": 53}','2026-04-08 23:04:05.793348');
INSERT INTO observability_events VALUES(71,'d7827cf2-d1b3-4bef-b333-452cea332dbd','ingest',NULL,'success',0,'{"injection_check": "passed", "attachment_type": null, "incident_id": 54}','2026-04-08 23:04:05.794716');
INSERT INTO observability_events VALUES(72,'c4f82aa3-8536-42ed-a3f8-b57d0926cd18','ingest',NULL,'success',0,'{"injection_check": "passed", "attachment_type": null, "incident_id": 55}','2026-04-08 23:04:05.796064');
INSERT INTO observability_events VALUES(73,'a8195a76-bc17-491a-897a-9373e50313db','ingest',NULL,'success',0,'{"injection_check": "passed", "attachment_type": null, "incident_id": 56}','2026-04-08 23:04:05.797445');
INSERT INTO observability_events VALUES(74,'d8583939-26ba-4de9-9046-87d85395ca0d','triage',12,'success',146,'{"severity_detected": "P2", "module_detected": "backend", "confidence_score": 0.8, "model": "claude-sonnet-4-6", "has_image_attachment": false, "has_log_attachment": false, "num_suggested_files": 2}','2026-04-08 23:04:06.212189');
INSERT INTO observability_events VALUES(75,'a2b7de18-edfd-4f26-b15f-a7ac5109b694','triage',16,'success',179,'{"severity_detected": "P2", "module_detected": "backend", "confidence_score": 0.8, "model": "claude-sonnet-4-6", "has_image_attachment": false, "has_log_attachment": false, "num_suggested_files": 2}','2026-04-08 23:04:06.213791');
INSERT INTO observability_events VALUES(76,'1415d995-4ffa-4699-a29e-eb24f43d1b4f','triage',13,'success',116,'{"severity_detected": "P2", "module_detected": "backend", "confidence_score": 0.8, "model": "claude-sonnet-4-6", "has_image_attachment": false, "has_log_attachment": false, "num_suggested_files": 2}','2026-04-08 23:04:06.253412');
INSERT INTO observability_events VALUES(77,'4149726e-076c-4415-812c-722a91fe7d29','triage',32,'success',116,'{"severity_detected": "P2", "module_detected": "backend", "confidence_score": 0.8, "model": "claude-sonnet-4-6", "has_image_attachment": false, "has_log_attachment": false, "num_suggested_files": 2}','2026-04-08 23:04:06.257468');
INSERT INTO observability_events VALUES(78,'7ebdbc30-722e-4798-9319-5536ff5d3f54','triage',9,'success',383,'{"severity_detected": "P2", "module_detected": "backend", "confidence_score": 0.8, "model": "claude-sonnet-4-6", "has_image_attachment": false, "has_log_attachment": false, "num_suggested_files": 2}','2026-04-08 23:04:06.261982');
INSERT INTO observability_events VALUES(79,'165f7e1d-c6e7-47db-96bc-40ff9dcd1477','triage',18,'success',147,'{"severity_detected": "P2", "module_detected": "backend", "confidence_score": 0.8, "model": "claude-sonnet-4-6", "has_image_attachment": false, "has_log_attachment": false, "num_suggested_files": 2}','2026-04-08 23:04:06.265178');
INSERT INTO observability_events VALUES(80,'02a47571-d8a7-4aa3-acb8-2c8caed905a2','triage',29,'success',90,'{"severity_detected": "P2", "module_detected": "backend", "confidence_score": 0.8, "model": "claude-sonnet-4-6", "has_image_attachment": false, "has_log_attachment": false, "num_suggested_files": 2}','2026-04-08 23:04:06.267559');
INSERT INTO observability_events VALUES(81,'3456bfaf-bd0f-4766-a98a-cfa39668bcf2','triage',14,'success',382,'{"severity_detected": "P2", "module_detected": "backend", "confidence_score": 0.8, "model": "claude-sonnet-4-6", "has_image_attachment": false, "has_log_attachment": false, "num_suggested_files": 2}','2026-04-08 23:04:06.275374');
INSERT INTO observability_events VALUES(82,'bfa7231b-cb30-4bf3-b24f-768d33edbd51','triage',23,'success',133,'{"severity_detected": "P2", "module_detected": "backend", "confidence_score": 0.8, "model": "claude-sonnet-4-6", "has_image_attachment": false, "has_log_attachment": false, "num_suggested_files": 2}','2026-04-08 23:04:06.279547');
INSERT INTO observability_events VALUES(83,'d06949f1-6a9a-437f-981c-3f295490e5a6','triage',7,'success',411,'{"severity_detected": "P2", "module_detected": "backend", "confidence_score": 0.8, "model": "claude-sonnet-4-6", "has_image_attachment": false, "has_log_attachment": false, "num_suggested_files": 2}','2026-04-08 23:04:06.280373');
INSERT INTO observability_events VALUES(84,'07e72fdf-7fc1-44bd-ad1e-4439ec0fb915','triage',38,'success',101,'{"severity_detected": "P2", "module_detected": "backend", "confidence_score": 0.8, "model": "claude-sonnet-4-6", "has_image_attachment": false, "has_log_attachment": false, "num_suggested_files": 2}','2026-04-08 23:04:06.282363');
INSERT INTO observability_events VALUES(85,'1236ff3e-0545-4494-ab64-669fd9580192','triage',26,'success',133,'{"severity_detected": "P2", "module_detected": "backend", "confidence_score": 0.8, "model": "claude-sonnet-4-6", "has_image_attachment": false, "has_log_attachment": false, "num_suggested_files": 2}','2026-04-08 23:04:06.283087');
INSERT INTO observability_events VALUES(86,'c1b8c33a-0edd-4b4a-8d81-92ffdc605ef3','triage',31,'success',116,'{"severity_detected": "P2", "module_detected": "backend", "confidence_score": 0.8, "model": "claude-sonnet-4-6", "has_image_attachment": false, "has_log_attachment": false, "num_suggested_files": 2}','2026-04-08 23:04:06.284435');
INSERT INTO observability_events VALUES(87,'be064457-8293-4d82-8b02-186cc0d2750b','triage',37,'success',120,'{"severity_detected": "P2", "module_detected": "backend", "confidence_score": 0.8, "model": "claude-sonnet-4-6", "has_image_attachment": false, "has_log_attachment": false, "num_suggested_files": 2}','2026-04-08 23:04:06.289063');
INSERT INTO observability_events VALUES(88,'f04cb32b-f9e7-4f79-a903-ee491d0b9dcf','triage',35,'success',118,'{"severity_detected": "P2", "module_detected": "backend", "confidence_score": 0.8, "model": "claude-sonnet-4-6", "has_image_attachment": false, "has_log_attachment": false, "num_suggested_files": 2}','2026-04-08 23:04:06.290316');
INSERT INTO observability_events VALUES(89,'054ab12a-8e4e-49df-b437-0958162209dd','triage',28,'success',141,'{"severity_detected": "P2", "module_detected": "backend", "confidence_score": 0.8, "model": "claude-sonnet-4-6", "has_image_attachment": false, "has_log_attachment": false, "num_suggested_files": 2}','2026-04-08 23:04:06.270870');
INSERT INTO observability_events VALUES(90,'c79cca22-0374-49ba-9550-95d9132825dc','triage',33,'success',118,'{"severity_detected": "P2", "module_detected": "backend", "confidence_score": 0.8, "model": "claude-sonnet-4-6", "has_image_attachment": false, "has_log_attachment": false, "num_suggested_files": 2}','2026-04-08 23:04:06.287572');
INSERT INTO observability_events VALUES(91,'1e37ac46-c54a-4946-a719-3b51ac886f7d','triage',22,'success',117,'{"severity_detected": "P2", "module_detected": "backend", "confidence_score": 0.8, "model": "claude-sonnet-4-6", "has_image_attachment": false, "has_log_attachment": false, "num_suggested_files": 2}','2026-04-08 23:04:06.295784');
INSERT INTO observability_events VALUES(92,'ac3661c5-df4d-44b1-970b-bb103b9a621c','triage',27,'success',149,'{"severity_detected": "P2", "module_detected": "backend", "confidence_score": 0.8, "model": "claude-sonnet-4-6", "has_image_attachment": false, "has_log_attachment": false, "num_suggested_files": 2}','2026-04-08 23:04:06.296495');
INSERT INTO observability_events VALUES(93,'c7bfc86e-045d-4dd3-addf-66e7f52a22fc','triage',8,'success',454,'{"severity_detected": "P2", "module_detected": "backend", "confidence_score": 0.8, "model": "claude-sonnet-4-6", "has_image_attachment": false, "has_log_attachment": false, "num_suggested_files": 2}','2026-04-08 23:04:06.297447');
INSERT INTO observability_events VALUES(94,'5974a619-ffcc-42fe-9c0b-14d676f7ca4e','triage',43,'success',104,'{"severity_detected": "P2", "module_detected": "backend", "confidence_score": 0.8, "model": "claude-sonnet-4-6", "has_image_attachment": false, "has_log_attachment": false, "num_suggested_files": 2}','2026-04-08 23:04:06.298095');
INSERT INTO observability_events VALUES(95,'3390f4fd-b3bf-44cd-8cc5-952dafc0f6bb','triage',25,'success',159,'{"severity_detected": "P2", "module_detected": "backend", "confidence_score": 0.8, "model": "claude-sonnet-4-6", "has_image_attachment": false, "has_log_attachment": false, "num_suggested_files": 2}','2026-04-08 23:04:06.299253');
INSERT INTO observability_events VALUES(96,'5263a297-a248-4d80-aef1-63c4602644a3','triage',45,'success',102,'{"severity_detected": "P2", "module_detected": "backend", "confidence_score": 0.8, "model": "claude-sonnet-4-6", "has_image_attachment": false, "has_log_attachment": false, "num_suggested_files": 2}','2026-04-08 23:04:06.300192');
INSERT INTO observability_events VALUES(97,'6642bb41-1c2c-429d-8f13-10787950b5cb','triage',44,'success',102,'{"severity_detected": "P2", "module_detected": "backend", "confidence_score": 0.8, "model": "claude-sonnet-4-6", "has_image_attachment": false, "has_log_attachment": false, "num_suggested_files": 2}','2026-04-08 23:04:06.301123');
INSERT INTO observability_events VALUES(98,'658a057a-8e93-46fc-a670-9510a2df6932','triage',46,'success',99,'{"severity_detected": "P2", "module_detected": "backend", "confidence_score": 0.8, "model": "claude-sonnet-4-6", "has_image_attachment": false, "has_log_attachment": false, "num_suggested_files": 2}','2026-04-08 23:04:06.302893');
INSERT INTO observability_events VALUES(99,'1e37ac46-c54a-4946-a719-3b51ac886f7d','ticket',22,'success',44,'{"ticket_id": 11, "card_id": "MOCK-14A5345B", "card_url": "https://trello.com/c/MOCK-14A5345B/mock-card", "severity": "P2", "module": "backend", "labels": ["P2-High", "module-backend"], "confidence_score": 0.8}','2026-04-08 23:04:06.342226');
INSERT INTO observability_events VALUES(100,'ba25b8af-2d3a-4751-b5d2-c4970b532a90','triage',36,'success',159,'{"severity_detected": "P2", "module_detected": "backend", "confidence_score": 0.8, "model": "claude-sonnet-4-6", "has_image_attachment": false, "has_log_attachment": false, "num_suggested_files": 2}','2026-04-08 23:04:06.349169');
INSERT INTO observability_events VALUES(101,'550dd9fe-f1e1-4d1a-9448-e2695d976d3a','triage',24,'success',192,'{"severity_detected": "P2", "module_detected": "backend", "confidence_score": 0.8, "model": "claude-sonnet-4-6", "has_image_attachment": false, "has_log_attachment": false, "num_suggested_files": 2}','2026-04-08 23:04:06.350346');
INSERT INTO observability_events VALUES(102,'d8583939-26ba-4de9-9046-87d85395ca0d','ticket',12,'success',81,'{"ticket_id": 6, "card_id": "MOCK-06497350", "card_url": "https://trello.com/c/MOCK-06497350/mock-card", "severity": "P2", "module": "backend", "labels": ["P2-High", "module-backend"], "confidence_score": 0.8}','2026-04-08 23:04:06.329805');
INSERT INTO observability_events VALUES(103,'1415d995-4ffa-4699-a29e-eb24f43d1b4f','ticket',13,'success',60,'{"ticket_id": 7, "card_id": "MOCK-7A33A82F", "card_url": "https://trello.com/c/MOCK-7A33A82F/mock-card", "severity": "P2", "module": "backend", "labels": ["P2-High", "module-backend"], "confidence_score": 0.8}','2026-04-08 23:04:06.355099');
INSERT INTO observability_events VALUES(104,'7ebdbc30-722e-4798-9319-5536ff5d3f54','ticket',9,'success',56,'{"ticket_id": 8, "card_id": "MOCK-8BD52FA9", "card_url": "https://trello.com/c/MOCK-8BD52FA9/mock-card", "severity": "P2", "module": "backend", "labels": ["P2-High", "module-backend"], "confidence_score": 0.8}','2026-04-08 23:04:06.355933');
INSERT INTO observability_events VALUES(105,'4149726e-076c-4415-812c-722a91fe7d29','ticket',32,'success',69,'{"ticket_id": 9, "card_id": "MOCK-A42E2E50", "card_url": "https://trello.com/c/MOCK-A42E2E50/mock-card", "severity": "P2", "module": "backend", "labels": ["P2-High", "module-backend"], "confidence_score": 0.8}','2026-04-08 23:04:06.361347');
INSERT INTO observability_events VALUES(106,'1573f404-ffa7-442f-8aa9-8400ca38026b','triage',42,'success',134,'{"severity_detected": "P2", "module_detected": "backend", "confidence_score": 0.8, "model": "claude-sonnet-4-6", "has_image_attachment": false, "has_log_attachment": false, "num_suggested_files": 2}','2026-04-08 23:04:06.351740');
INSERT INTO observability_events VALUES(107,'d06949f1-6a9a-437f-981c-3f295490e5a6','ticket',7,'success',63,'{"ticket_id": 12, "card_id": "MOCK-6DF0D52B", "card_url": "https://trello.com/c/MOCK-6DF0D52B/mock-card", "severity": "P2", "module": "backend", "labels": ["P2-High", "module-backend"], "confidence_score": 0.8}','2026-04-08 23:04:06.399729');
INSERT INTO observability_events VALUES(108,'07e72fdf-7fc1-44bd-ad1e-4439ec0fb915','ticket',38,'success',64,'{"ticket_id": 13, "card_id": "MOCK-059D7321", "card_url": "https://trello.com/c/MOCK-059D7321/mock-card", "severity": "P2", "module": "backend", "labels": ["P2-High", "module-backend"], "confidence_score": 0.8}','2026-04-08 23:04:06.401945');
INSERT INTO observability_events VALUES(109,'bfa7231b-cb30-4bf3-b24f-768d33edbd51','ticket',23,'success',68,'{"ticket_id": 14, "card_id": "MOCK-C45D2663", "card_url": "https://trello.com/c/MOCK-C45D2663/mock-card", "severity": "P2", "module": "backend", "labels": ["P2-High", "module-backend"], "confidence_score": 0.8}','2026-04-08 23:04:06.403508');
INSERT INTO observability_events VALUES(110,'c1b8c33a-0edd-4b4a-8d81-92ffdc605ef3','ticket',31,'success',66,'{"ticket_id": 15, "card_id": "MOCK-7837DEBC", "card_url": "https://trello.com/c/MOCK-7837DEBC/mock-card", "severity": "P2", "module": "backend", "labels": ["P2-High", "module-backend"], "confidence_score": 0.8}','2026-04-08 23:04:06.407766');
INSERT INTO observability_events VALUES(111,'165f7e1d-c6e7-47db-96bc-40ff9dcd1477','ticket',18,'success',92,'{"ticket_id": 16, "card_id": "MOCK-75310544", "card_url": "https://trello.com/c/MOCK-75310544/mock-card", "severity": "P2", "module": "backend", "labels": ["P2-High", "module-backend"], "confidence_score": 0.8}','2026-04-08 23:04:06.410601');
INSERT INTO observability_events VALUES(112,'c709fad9-a943-4732-9a96-ade565b018da','triage',19,'success',283,'{"severity_detected": "P2", "module_detected": "backend", "confidence_score": 0.8, "model": "claude-sonnet-4-6", "has_image_attachment": false, "has_log_attachment": false, "num_suggested_files": 2}','2026-04-08 23:04:06.411163');
INSERT INTO observability_events VALUES(113,'054ab12a-8e4e-49df-b437-0958162209dd','ticket',28,'success',79,'{"ticket_id": 18, "card_id": "MOCK-B0F9172D", "card_url": "https://trello.com/c/MOCK-B0F9172D/mock-card", "severity": "P2", "module": "backend", "labels": ["P2-High", "module-backend"], "confidence_score": 0.8}','2026-04-08 23:04:06.413405');
INSERT INTO observability_events VALUES(114,'c79cca22-0374-49ba-9550-95d9132825dc','ticket',33,'success',84,'{"ticket_id": 19, "card_id": "MOCK-83B47033", "card_url": "https://trello.com/c/MOCK-83B47033/mock-card", "severity": "P2", "module": "backend", "labels": ["P2-High", "module-backend"], "confidence_score": 0.8}','2026-04-08 23:04:06.414161');
INSERT INTO observability_events VALUES(115,'a2b7de18-edfd-4f26-b15f-a7ac5109b694','ticket',16,'success',168,'{"ticket_id": 20, "card_id": "MOCK-E838261C", "card_url": "https://trello.com/c/MOCK-E838261C/mock-card", "severity": "P2", "module": "backend", "labels": ["P2-High", "module-backend"], "confidence_score": 0.8}','2026-04-08 23:04:06.414914');
INSERT INTO observability_events VALUES(116,'be064457-8293-4d82-8b02-186cc0d2750b','ticket',37,'success',96,'{"ticket_id": 21, "card_id": "MOCK-DA449CB4", "card_url": "https://trello.com/c/MOCK-DA449CB4/mock-card", "severity": "P2", "module": "backend", "labels": ["P2-High", "module-backend"], "confidence_score": 0.8}','2026-04-08 23:04:06.415632');
INSERT INTO observability_events VALUES(117,'ac3661c5-df4d-44b1-970b-bb103b9a621c','ticket',27,'success',92,'{"ticket_id": 22, "card_id": "MOCK-C85AC80E", "card_url": "https://trello.com/c/MOCK-C85AC80E/mock-card", "severity": "P2", "module": "backend", "labels": ["P2-High", "module-backend"], "confidence_score": 0.8}','2026-04-08 23:04:06.416295');
INSERT INTO observability_events VALUES(118,'f04cb32b-f9e7-4f79-a903-ee491d0b9dcf','ticket',35,'success',75,'{"ticket_id": 17, "card_id": "MOCK-18832E03", "card_url": "https://trello.com/c/MOCK-18832E03/mock-card", "severity": "P2", "module": "backend", "labels": ["P2-High", "module-backend"], "confidence_score": 0.8}','2026-04-08 23:04:06.412693');
INSERT INTO observability_events VALUES(119,'937bb31c-e681-4b78-b38d-e9611dc6c7a9','triage',41,'success',222,'{"severity_detected": "P2", "module_detected": "backend", "confidence_score": 0.8, "model": "claude-sonnet-4-6", "has_image_attachment": false, "has_log_attachment": false, "num_suggested_files": 2}','2026-04-08 23:04:06.418331');
INSERT INTO observability_events VALUES(120,'5974a619-ffcc-42fe-9c0b-14d676f7ca4e','ticket',43,'success',95,'{"ticket_id": 23, "card_id": "MOCK-C4D0E938", "card_url": "https://trello.com/c/MOCK-C4D0E938/mock-card", "severity": "P2", "module": "backend", "labels": ["P2-High", "module-backend"], "confidence_score": 0.8}','2026-04-08 23:04:06.419153');
INSERT INTO observability_events VALUES(121,'3390f4fd-b3bf-44cd-8cc5-952dafc0f6bb','ticket',25,'success',96,'{"ticket_id": 24, "card_id": "MOCK-362F3CDF", "card_url": "https://trello.com/c/MOCK-362F3CDF/mock-card", "severity": "P2", "module": "backend", "labels": ["P2-High", "module-backend"], "confidence_score": 0.8}','2026-04-08 23:04:06.420055');
INSERT INTO observability_events VALUES(122,'5263a297-a248-4d80-aef1-63c4602644a3','ticket',45,'success',97,'{"ticket_id": 25, "card_id": "MOCK-436C053F", "card_url": "https://trello.com/c/MOCK-436C053F/mock-card", "severity": "P2", "module": "backend", "labels": ["P2-High", "module-backend"], "confidence_score": 0.8}','2026-04-08 23:04:06.420788');
INSERT INTO observability_events VALUES(123,'658a057a-8e93-46fc-a670-9510a2df6932','ticket',46,'success',96,'{"ticket_id": 26, "card_id": "MOCK-B80EAD6B", "card_url": "https://trello.com/c/MOCK-B80EAD6B/mock-card", "severity": "P2", "module": "backend", "labels": ["P2-High", "module-backend"], "confidence_score": 0.8}','2026-04-08 23:04:06.424127');
INSERT INTO observability_events VALUES(124,'3456bfaf-bd0f-4766-a98a-cfa39668bcf2','ticket',14,'success',131,'{"ticket_id": 27, "card_id": "MOCK-8A169275", "card_url": "https://trello.com/c/MOCK-8A169275/mock-card", "severity": "P2", "module": "backend", "labels": ["P2-High", "module-backend"], "confidence_score": 0.8}','2026-04-08 23:04:06.427320');
INSERT INTO observability_events VALUES(125,'616ab771-5346-45c5-a73f-661faf90fda7','triage',34,'success',283,'{"severity_detected": "P2", "module_detected": "backend", "confidence_score": 0.8, "model": "claude-sonnet-4-6", "has_image_attachment": false, "has_log_attachment": false, "num_suggested_files": 2}','2026-04-08 23:04:06.444687');
INSERT INTO observability_events VALUES(126,'550dd9fe-f1e1-4d1a-9448-e2695d976d3a','ticket',24,'success',77,'{"ticket_id": 28, "card_id": "MOCK-26A72ECE", "card_url": "https://trello.com/c/MOCK-26A72ECE/mock-card", "severity": "P2", "module": "backend", "labels": ["P2-High", "module-backend"], "confidence_score": 0.8}','2026-04-08 23:04:06.430611');
INSERT INTO observability_events VALUES(127,'02a47571-d8a7-4aa3-acb8-2c8caed905a2','ticket',29,'success',64,'{"ticket_id": 10, "card_id": "MOCK-13BE1FCE", "card_url": "https://trello.com/c/MOCK-13BE1FCE/mock-card", "severity": "P2", "module": "backend", "labels": ["P2-High", "module-backend"], "confidence_score": 0.8}','2026-04-08 23:04:06.379974');
INSERT INTO observability_events VALUES(128,'ba25b8af-2d3a-4751-b5d2-c4970b532a90','ticket',36,'success',81,'{"ticket_id": 29, "card_id": "MOCK-DE4DD719", "card_url": "https://trello.com/c/MOCK-DE4DD719/mock-card", "severity": "P2", "module": "backend", "labels": ["P2-High", "module-backend"], "confidence_score": 0.8}','2026-04-08 23:04:06.471629');
INSERT INTO observability_events VALUES(129,'c709fad9-a943-4732-9a96-ade565b018da','ticket',19,'success',43,'{"ticket_id": 31, "card_id": "MOCK-FC5B37A4", "card_url": "https://trello.com/c/MOCK-FC5B37A4/mock-card", "severity": "P2", "module": "backend", "labels": ["P2-High", "module-backend"], "confidence_score": 0.8}','2026-04-08 23:04:06.480408');
INSERT INTO observability_events VALUES(130,'1236ff3e-0545-4494-ab64-669fd9580192','ticket',26,'success',174,'{"ticket_id": 32, "card_id": "MOCK-66BB9340", "card_url": "https://trello.com/c/MOCK-66BB9340/mock-card", "severity": "P2", "module": "backend", "labels": ["P2-High", "module-backend"], "confidence_score": 0.8}','2026-04-08 23:04:06.484958');
INSERT INTO observability_events VALUES(131,'1415d995-4ffa-4699-a29e-eb24f43d1b4f','notify',13,'success',97,'{"notifications_sent": ["slack", "email"], "notifications_failed": [], "ticket_id": 7, "card_url": "https://trello.com/c/MOCK-7A33A82F/mock-card", "reporter_email": "test6@company.com"}','2026-04-08 23:04:06.476552');
INSERT INTO observability_events VALUES(132,'1573f404-ffa7-442f-8aa9-8400ca38026b','ticket',42,'success',53,'{"ticket_id": 30, "card_id": "MOCK-15615AF0", "card_url": "https://trello.com/c/MOCK-15615AF0/mock-card", "severity": "P2", "module": "backend", "labels": ["P2-High", "module-backend"], "confidence_score": 0.8}','2026-04-08 23:04:06.494113');
INSERT INTO observability_events VALUES(133,'937bb31c-e681-4b78-b38d-e9611dc6c7a9','ticket',41,'success',48,'{"ticket_id": 33, "card_id": "MOCK-3D6FCC5E", "card_url": "https://trello.com/c/MOCK-3D6FCC5E/mock-card", "severity": "P2", "module": "backend", "labels": ["P2-High", "module-backend"], "confidence_score": 0.8}','2026-04-08 23:04:06.498709');
INSERT INTO observability_events VALUES(134,'d8583939-26ba-4de9-9046-87d85395ca0d','notify',12,'success',96,'{"notifications_sent": ["slack", "email"], "notifications_failed": [], "ticket_id": 6, "card_url": "https://trello.com/c/MOCK-06497350/mock-card", "reporter_email": "test3@company.com"}','2026-04-08 23:04:06.504280');
INSERT INTO observability_events VALUES(135,'07e72fdf-7fc1-44bd-ad1e-4439ec0fb915','notify',38,'success',67,'{"notifications_sent": ["slack", "email"], "notifications_failed": [], "ticket_id": 13, "card_url": "https://trello.com/c/MOCK-059D7321/mock-card", "reporter_email": "test22@company.com"}','2026-04-08 23:04:06.505679');
INSERT INTO observability_events VALUES(136,'6642bb41-1c2c-429d-8f13-10787950b5cb','ticket',44,'success',175,'{"ticket_id": 34, "card_id": "MOCK-33F0A34A", "card_url": "https://trello.com/c/MOCK-33F0A34A/mock-card", "severity": "P2", "module": "backend", "labels": ["P2-High", "module-backend"], "confidence_score": 0.8}','2026-04-08 23:04:06.510327');
INSERT INTO observability_events VALUES(137,'d6a483cc-e08d-4c03-b4ca-b17dbf6da88f','triage',40,'success',322,'{"severity_detected": "P2", "module_detected": "backend", "confidence_score": 0.8, "model": "claude-sonnet-4-6", "has_image_attachment": false, "has_log_attachment": false, "num_suggested_files": 2}','2026-04-08 23:04:06.516485');
INSERT INTO observability_events VALUES(138,'e6b0a5cc-d7f4-43d6-a433-a01f7a54db7a','triage',17,'success',490,'{"severity_detected": "P2", "module_detected": "backend", "confidence_score": 0.8, "model": "claude-sonnet-4-6", "has_image_attachment": false, "has_log_attachment": false, "num_suggested_files": 2}','2026-04-08 23:04:06.518316');
INSERT INTO observability_events VALUES(139,'7ebdbc30-722e-4798-9319-5536ff5d3f54','notify',9,'success',118,'{"notifications_sent": ["slack", "email"], "notifications_failed": [], "ticket_id": 8, "card_url": "https://trello.com/c/MOCK-8BD52FA9/mock-card", "reporter_email": "test8@company.com"}','2026-04-08 23:04:06.508606');
INSERT INTO observability_events VALUES(140,'4149726e-076c-4415-812c-722a91fe7d29','notify',32,'success',101,'{"notifications_sent": ["slack", "email"], "notifications_failed": [], "ticket_id": 9, "card_url": "https://trello.com/c/MOCK-A42E2E50/mock-card", "reporter_email": "test17@company.com"}','2026-04-08 23:04:06.520698');
INSERT INTO observability_events VALUES(141,'a2b7de18-edfd-4f26-b15f-a7ac5109b694','notify',16,'success',78,'{"notifications_sent": ["slack", "email"], "notifications_failed": [], "ticket_id": 20, "card_url": "https://trello.com/c/MOCK-E838261C/mock-card", "reporter_email": "test2@company.com"}','2026-04-08 23:04:06.521695');
INSERT INTO observability_events VALUES(142,'ac3661c5-df4d-44b1-970b-bb103b9a621c','notify',27,'success',73,'{"notifications_sent": ["slack", "email"], "notifications_failed": [], "ticket_id": 22, "card_url": "https://trello.com/c/MOCK-C85AC80E/mock-card", "reporter_email": "test32@company.com"}','2026-04-08 23:04:06.518707');
INSERT INTO observability_events VALUES(143,'616ab771-5346-45c5-a73f-661faf90fda7','ticket',34,'success',52,'{"ticket_id": 35, "card_id": "MOCK-E5293FFF", "card_url": "https://trello.com/c/MOCK-E5293FFF/mock-card", "severity": "P2", "module": "backend", "labels": ["P2-High", "module-backend"], "confidence_score": 0.8}','2026-04-08 23:04:06.528879');
INSERT INTO observability_events VALUES(144,'054ab12a-8e4e-49df-b437-0958162209dd','notify',28,'success',99,'{"notifications_sent": ["slack", "email"], "notifications_failed": [], "ticket_id": 18, "card_url": "https://trello.com/c/MOCK-B0F9172D/mock-card", "reporter_email": "test19@company.com"}','2026-04-08 23:04:06.548774');
INSERT INTO observability_events VALUES(145,'bfa7231b-cb30-4bf3-b24f-768d33edbd51','notify',23,'success',79,'{"notifications_sent": ["slack", "email"], "notifications_failed": [], "ticket_id": 14, "card_url": "https://trello.com/c/MOCK-C45D2663/mock-card", "reporter_email": "test13@company.com"}','2026-04-08 23:04:06.550225');
INSERT INTO observability_events VALUES(146,'658a057a-8e93-46fc-a670-9510a2df6932','notify',46,'success',89,'{"notifications_sent": ["slack", "email"], "notifications_failed": [], "ticket_id": 26, "card_url": "https://trello.com/c/MOCK-B80EAD6B/mock-card", "reporter_email": "test45@company.com"}','2026-04-08 23:04:06.549148');
INSERT INTO observability_events VALUES(147,'b184ba9c-aa93-4e72-a52a-08734636cfc3','triage',21,'success',375,'{"severity_detected": "P2", "module_detected": "backend", "confidence_score": 0.8, "model": "claude-sonnet-4-6", "has_image_attachment": false, "has_log_attachment": false, "num_suggested_files": 2}','2026-04-08 23:04:06.478626');
INSERT INTO observability_events VALUES(148,'d06949f1-6a9a-437f-981c-3f295490e5a6','notify',7,'success',68,'{"notifications_sent": ["slack", "email"], "notifications_failed": [], "ticket_id": 12, "card_url": "https://trello.com/c/MOCK-6DF0D52B/mock-card", "reporter_email": "test0@company.com"}','2026-04-08 23:04:06.568090');
INSERT INTO observability_events VALUES(149,'3390f4fd-b3bf-44cd-8cc5-952dafc0f6bb','notify',25,'success',111,'{"notifications_sent": ["slack", "email"], "notifications_failed": [], "ticket_id": 24, "card_url": "https://trello.com/c/MOCK-362F3CDF/mock-card", "reporter_email": "test33@company.com"}','2026-04-08 23:04:06.570653');
INSERT INTO observability_events VALUES(150,'02a47571-d8a7-4aa3-acb8-2c8caed905a2','notify',29,'success',108,'{"notifications_sent": ["slack", "email"], "notifications_failed": [], "ticket_id": 10, "card_url": "https://trello.com/c/MOCK-13BE1FCE/mock-card", "reporter_email": "test41@company.com"}','2026-04-08 23:04:06.575616');
INSERT INTO observability_events VALUES(151,'3456bfaf-bd0f-4766-a98a-cfa39668bcf2','notify',14,'success',117,'{"notifications_sent": ["slack", "email"], "notifications_failed": [], "ticket_id": 27, "card_url": "https://trello.com/c/MOCK-8A169275/mock-card", "reporter_email": "test7@company.com"}','2026-04-08 23:04:06.577931');
INSERT INTO observability_events VALUES(152,'c1b8c33a-0edd-4b4a-8d81-92ffdc605ef3','notify',31,'success',116,'{"notifications_sent": ["slack", "email"], "notifications_failed": [], "ticket_id": 15, "card_url": "https://trello.com/c/MOCK-7837DEBC/mock-card", "reporter_email": "test36@company.com"}','2026-04-08 23:04:06.565592');
INSERT INTO observability_events VALUES(153,'5263a297-a248-4d80-aef1-63c4602644a3','notify',45,'success',82,'{"notifications_sent": ["slack", "email"], "notifications_failed": [], "ticket_id": 25, "card_url": "https://trello.com/c/MOCK-436C053F/mock-card", "reporter_email": "test25@company.com"}','2026-04-08 23:04:06.594452');
INSERT INTO observability_events VALUES(154,'be064457-8293-4d82-8b02-186cc0d2750b','notify',37,'success',155,'{"notifications_sent": ["slack", "email"], "notifications_failed": [], "ticket_id": 21, "card_url": "https://trello.com/c/MOCK-DA449CB4/mock-card", "reporter_email": "test43@company.com"}','2026-04-08 23:04:06.595220');
INSERT INTO observability_events VALUES(155,'ba25b8af-2d3a-4751-b5d2-c4970b532a90','notify',36,'success',100,'{"notifications_sent": ["slack", "email"], "notifications_failed": [], "ticket_id": 29, "card_url": "https://trello.com/c/MOCK-DE4DD719/mock-card", "reporter_email": "test26@company.com"}','2026-04-08 23:04:06.597734');
INSERT INTO observability_events VALUES(156,'c79cca22-0374-49ba-9550-95d9132825dc','notify',33,'success',95,'{"notifications_sent": ["slack", "email"], "notifications_failed": [], "ticket_id": 19, "card_url": "https://trello.com/c/MOCK-83B47033/mock-card", "reporter_email": "test23@company.com"}','2026-04-08 23:04:06.598789');
INSERT INTO observability_events VALUES(157,'550dd9fe-f1e1-4d1a-9448-e2695d976d3a','notify',24,'success',147,'{"notifications_sent": ["slack", "email"], "notifications_failed": [], "ticket_id": 28, "card_url": "https://trello.com/c/MOCK-26A72ECE/mock-card", "reporter_email": "test28@company.com"}','2026-04-08 23:04:06.602925');
INSERT INTO observability_events VALUES(158,'5974a619-ffcc-42fe-9c0b-14d676f7ca4e','notify',43,'success',159,'{"notifications_sent": ["slack", "email"], "notifications_failed": [], "ticket_id": 23, "card_url": "https://trello.com/c/MOCK-C4D0E938/mock-card", "reporter_email": "test31@company.com"}','2026-04-08 23:04:06.604060');
INSERT INTO observability_events VALUES(159,'d6a483cc-e08d-4c03-b4ca-b17dbf6da88f','ticket',40,'success',62,'{"ticket_id": 36, "card_id": "MOCK-3BC9D512", "card_url": "https://trello.com/c/MOCK-3BC9D512/mock-card", "severity": "P2", "module": "backend", "labels": ["P2-High", "module-backend"], "confidence_score": 0.8}','2026-04-08 23:04:06.605752');
INSERT INTO observability_events VALUES(160,'7ee0dfb0-887f-45cc-bbcd-ba0b3afab9d7','triage',51,'success',47,'{"severity_detected": "P2", "module_detected": "backend", "confidence_score": 0.8, "model": "claude-sonnet-4-6", "has_image_attachment": false, "has_log_attachment": false, "num_suggested_files": 2}','2026-04-08 23:04:06.610104');
INSERT INTO observability_events VALUES(161,'d7827cf2-d1b3-4bef-b333-452cea332dbd','triage',54,'success',44,'{"severity_detected": "P2", "module_detected": "backend", "confidence_score": 0.8, "model": "claude-sonnet-4-6", "has_image_attachment": false, "has_log_attachment": false, "num_suggested_files": 2}','2026-04-08 23:04:06.613588');
INSERT INTO observability_events VALUES(162,'1236ff3e-0545-4494-ab64-669fd9580192','notify',26,'success',120,'{"notifications_sent": ["slack", "email"], "notifications_failed": [], "ticket_id": 32, "card_url": "https://trello.com/c/MOCK-66BB9340/mock-card", "reporter_email": "test24@company.com"}','2026-04-08 23:04:06.629062');
INSERT INTO observability_events VALUES(163,'165f7e1d-c6e7-47db-96bc-40ff9dcd1477','notify',18,'success',172,'{"notifications_sent": ["slack", "email"], "notifications_failed": [], "ticket_id": 16, "card_url": "https://trello.com/c/MOCK-75310544/mock-card", "reporter_email": "test9@company.com"}','2026-04-08 23:04:06.630264');
INSERT INTO observability_events VALUES(164,'b184ba9c-aa93-4e72-a52a-08734636cfc3','ticket',21,'success',44,'{"ticket_id": 38, "card_id": "MOCK-B4EA552A", "card_url": "https://trello.com/c/MOCK-B4EA552A/mock-card", "severity": "P2", "module": "backend", "labels": ["P2-High", "module-backend"], "confidence_score": 0.8}','2026-04-08 23:04:06.631413');
INSERT INTO observability_events VALUES(165,'e6b0a5cc-d7f4-43d6-a433-a01f7a54db7a','ticket',17,'success',63,'{"ticket_id": 37, "card_id": "MOCK-66E06B40", "card_url": "https://trello.com/c/MOCK-66E06B40/mock-card", "severity": "P2", "module": "backend", "labels": ["P2-High", "module-backend"], "confidence_score": 0.8}','2026-04-08 23:04:06.627722');
INSERT INTO observability_events VALUES(166,'ebf05ef1-5f08-4650-a504-88e44c679511','triage',50,'success',82,'{"severity_detected": "P2", "module_detected": "backend", "confidence_score": 0.8, "model": "claude-sonnet-4-6", "has_image_attachment": false, "has_log_attachment": false, "num_suggested_files": 2}','2026-04-08 23:04:06.638587');
INSERT INTO observability_events VALUES(167,'a8195a76-bc17-491a-897a-9373e50313db','triage',56,'success',48,'{"severity_detected": "P2", "module_detected": "backend", "confidence_score": 0.8, "model": "claude-sonnet-4-6", "has_image_attachment": false, "has_log_attachment": false, "num_suggested_files": 2}','2026-04-08 23:04:06.642245');
INSERT INTO observability_events VALUES(168,'616ab771-5346-45c5-a73f-661faf90fda7','notify',34,'success',84,'{"notifications_sent": ["slack", "email"], "notifications_failed": [], "ticket_id": 35, "card_url": "https://trello.com/c/MOCK-E5293FFF/mock-card", "reporter_email": "test21@company.com"}','2026-04-08 23:04:06.643318');
INSERT INTO observability_events VALUES(169,'f6403132-288c-454c-96cb-acd3bc7c0ef0','triage',52,'success',77,'{"severity_detected": "P2", "module_detected": "backend", "confidence_score": 0.8, "model": "claude-sonnet-4-6", "has_image_attachment": false, "has_log_attachment": false, "num_suggested_files": 2}','2026-04-08 23:04:06.641079');
INSERT INTO observability_events VALUES(170,'1573f404-ffa7-442f-8aa9-8400ca38026b','notify',42,'success',112,'{"notifications_sent": ["slack", "email"], "notifications_failed": [], "ticket_id": 30, "card_url": "https://trello.com/c/MOCK-15615AF0/mock-card", "reporter_email": "test35@company.com"}','2026-04-08 23:04:06.627546');
INSERT INTO observability_events VALUES(171,'80cd9ae8-9039-4a52-bf3f-64e36eb84e8c','triage',15,'success',608,'{"severity_detected": "P2", "module_detected": "backend", "confidence_score": 0.8, "model": "claude-sonnet-4-6", "has_image_attachment": false, "has_log_attachment": false, "num_suggested_files": 2}','2026-04-08 23:04:06.654748');
INSERT INTO observability_events VALUES(172,'6642bb41-1c2c-429d-8f13-10787950b5cb','notify',44,'success',114,'{"notifications_sent": ["slack", "email"], "notifications_failed": [], "ticket_id": 34, "card_url": "https://trello.com/c/MOCK-33F0A34A/mock-card", "reporter_email": "test18@company.com"}','2026-04-08 23:04:06.646564');
INSERT INTO observability_events VALUES(173,'0f2c0811-55b4-402e-ad40-d0c6f94b8bd8','triage',53,'success',94,'{"severity_detected": "P2", "module_detected": "backend", "confidence_score": 0.8, "model": "claude-sonnet-4-6", "has_image_attachment": false, "has_log_attachment": false, "num_suggested_files": 2}','2026-04-08 23:04:06.656470');
INSERT INTO observability_events VALUES(174,'c1b97b10-dfda-4403-b58a-42ac8ea86150','triage',49,'success',75,'{"severity_detected": "P2", "module_detected": "backend", "confidence_score": 0.8, "model": "claude-sonnet-4-6", "has_image_attachment": false, "has_log_attachment": false, "num_suggested_files": 2}','2026-04-08 23:04:06.669534');
INSERT INTO observability_events VALUES(175,'937bb31c-e681-4b78-b38d-e9611dc6c7a9','notify',41,'success',152,'{"notifications_sent": ["slack", "email"], "notifications_failed": [], "ticket_id": 33, "card_url": "https://trello.com/c/MOCK-3D6FCC5E/mock-card", "reporter_email": "test29@company.com"}','2026-04-08 23:04:06.686079');
INSERT INTO observability_events VALUES(176,'f6403132-288c-454c-96cb-acd3bc7c0ef0','ticket',52,'success',31,'{"ticket_id": 39, "card_id": "MOCK-0429CA85", "card_url": "https://trello.com/c/MOCK-0429CA85/mock-card", "severity": "P2", "module": "backend", "labels": ["P2-High", "module-backend"], "confidence_score": 0.8}','2026-04-08 23:04:06.691764');
INSERT INTO observability_events VALUES(177,'cdd0f686-34b3-492a-9d6a-5d1b1809a6e1','triage',39,'success',517,'{"severity_detected": "P2", "module_detected": "backend", "confidence_score": 0.8, "model": "claude-sonnet-4-6", "has_image_attachment": false, "has_log_attachment": false, "num_suggested_files": 2}','2026-04-08 23:04:06.719212');
INSERT INTO observability_events VALUES(178,'e1ff55db-9f5b-4ab1-a1ed-b819018c5aa2','triage',30,'success',496,'{"severity_detected": "P2", "module_detected": "backend", "confidence_score": 0.8, "model": "claude-sonnet-4-6", "has_image_attachment": false, "has_log_attachment": false, "num_suggested_files": 2}','2026-04-08 23:04:06.721372');
INSERT INTO observability_events VALUES(179,'7af23560-70f3-42b7-a254-60f332214309','triage',48,'success',52,'{"severity_detected": "P2", "module_detected": "backend", "confidence_score": 0.8, "model": "claude-sonnet-4-6", "has_image_attachment": false, "has_log_attachment": false, "num_suggested_files": 2}','2026-04-08 23:04:06.586681');
INSERT INTO observability_events VALUES(180,'d7827cf2-d1b3-4bef-b333-452cea332dbd','ticket',54,'success',82,'{"ticket_id": 40, "card_id": "MOCK-45B45F17", "card_url": "https://trello.com/c/MOCK-45B45F17/mock-card", "severity": "P2", "module": "backend", "labels": ["P2-High", "module-backend"], "confidence_score": 0.8}','2026-04-08 23:04:06.727320');
INSERT INTO observability_events VALUES(181,'80cd9ae8-9039-4a52-bf3f-64e36eb84e8c','ticket',15,'success',48,'{"ticket_id": 41, "card_id": "MOCK-E4E2964A", "card_url": "https://trello.com/c/MOCK-E4E2964A/mock-card", "severity": "P2", "module": "backend", "labels": ["P2-High", "module-backend"], "confidence_score": 0.8}','2026-04-08 23:04:06.728792');
INSERT INTO observability_events VALUES(182,'c1b97b10-dfda-4403-b58a-42ac8ea86150','ticket',49,'success',27,'{"ticket_id": 42, "card_id": "MOCK-351A062E", "card_url": "https://trello.com/c/MOCK-351A062E/mock-card", "severity": "P2", "module": "backend", "labels": ["P2-High", "module-backend"], "confidence_score": 0.8}','2026-04-08 23:04:06.731134');
INSERT INTO observability_events VALUES(183,'a8195a76-bc17-491a-897a-9373e50313db','ticket',56,'success',75,'{"ticket_id": 43, "card_id": "MOCK-7BACBD84", "card_url": "https://trello.com/c/MOCK-7BACBD84/mock-card", "severity": "P2", "module": "backend", "labels": ["P2-High", "module-backend"], "confidence_score": 0.8}','2026-04-08 23:04:06.732340');
INSERT INTO observability_events VALUES(184,'47f10435-3007-429e-b848-5b9793e895af','triage',47,'success',191,'{"severity_detected": "P2", "module_detected": "backend", "confidence_score": 0.8, "model": "claude-sonnet-4-6", "has_image_attachment": false, "has_log_attachment": false, "num_suggested_files": 2}','2026-04-08 23:04:06.722494');
INSERT INTO observability_events VALUES(185,'d6a483cc-e08d-4c03-b4ca-b17dbf6da88f','notify',40,'success',133,'{"notifications_sent": ["slack", "email"], "notifications_failed": [], "ticket_id": 36, "card_url": "https://trello.com/c/MOCK-3BC9D512/mock-card", "reporter_email": "test34@company.com"}','2026-04-08 23:04:06.746851');
INSERT INTO observability_events VALUES(186,'e1ff55db-9f5b-4ab1-a1ed-b819018c5aa2','ticket',30,'success',23,'{"ticket_id": 45, "card_id": "MOCK-B0D32FE5", "card_url": "https://trello.com/c/MOCK-B0D32FE5/mock-card", "severity": "P2", "module": "backend", "labels": ["P2-High", "module-backend"], "confidence_score": 0.8}','2026-04-08 23:04:06.748923');
INSERT INTO observability_events VALUES(187,'c4f82aa3-8536-42ed-a3f8-b57d0926cd18','triage',55,'success',79,'{"severity_detected": "P2", "module_detected": "backend", "confidence_score": 0.8, "model": "claude-sonnet-4-6", "has_image_attachment": false, "has_log_attachment": false, "num_suggested_files": 2}','2026-04-08 23:04:06.669645');
INSERT INTO observability_events VALUES(188,'cdd0f686-34b3-492a-9d6a-5d1b1809a6e1','ticket',39,'success',26,'{"ticket_id": 46, "card_id": "MOCK-564753C7", "card_url": "https://trello.com/c/MOCK-564753C7/mock-card", "severity": "P2", "module": "backend", "labels": ["P2-High", "module-backend"], "confidence_score": 0.8}','2026-04-08 23:04:06.754519');
INSERT INTO observability_events VALUES(189,'7af23560-70f3-42b7-a254-60f332214309','ticket',48,'success',28,'{"ticket_id": 47, "card_id": "MOCK-B437574C", "card_url": "https://trello.com/c/MOCK-B437574C/mock-card", "severity": "P2", "module": "backend", "labels": ["P2-High", "module-backend"], "confidence_score": 0.8}','2026-04-08 23:04:06.757904');
INSERT INTO observability_events VALUES(190,'e6b0a5cc-d7f4-43d6-a433-a01f7a54db7a','notify',17,'success',119,'{"notifications_sent": ["slack", "email"], "notifications_failed": [], "ticket_id": 37, "card_url": "https://trello.com/c/MOCK-66E06B40/mock-card", "reporter_email": "test1@company.com"}','2026-04-08 23:04:06.761041');
INSERT INTO observability_events VALUES(191,'ebf05ef1-5f08-4650-a504-88e44c679511','ticket',50,'success',84,'{"ticket_id": 44, "card_id": "MOCK-8E0E3C5A", "card_url": "https://trello.com/c/MOCK-8E0E3C5A/mock-card", "severity": "P2", "module": "backend", "labels": ["P2-High", "module-backend"], "confidence_score": 0.8}','2026-04-08 23:04:06.727670');
INSERT INTO observability_events VALUES(192,'47f10435-3007-429e-b848-5b9793e895af','ticket',47,'success',18,'{"ticket_id": 48, "card_id": "MOCK-00124ED0", "card_url": "https://trello.com/c/MOCK-00124ED0/mock-card", "severity": "P2", "module": "backend", "labels": ["P2-High", "module-backend"], "confidence_score": 0.8}','2026-04-08 23:04:06.766881');
INSERT INTO observability_events VALUES(193,'c709fad9-a943-4732-9a96-ade565b018da','notify',19,'success',175,'{"notifications_sent": ["slack", "email"], "notifications_failed": [], "ticket_id": 31, "card_url": "https://trello.com/c/MOCK-FC5B37A4/mock-card", "reporter_email": "test10@company.com"}','2026-04-08 23:04:06.706965');
INSERT INTO observability_events VALUES(194,'f6403132-288c-454c-96cb-acd3bc7c0ef0','notify',52,'success',54,'{"notifications_sent": ["slack", "email"], "notifications_failed": [], "ticket_id": 39, "card_url": "https://trello.com/c/MOCK-0429CA85/mock-card", "reporter_email": "test42@company.com"}','2026-04-08 23:04:06.768878');
INSERT INTO observability_events VALUES(195,'c4f82aa3-8536-42ed-a3f8-b57d0926cd18','ticket',55,'success',13,'{"ticket_id": 49, "card_id": "MOCK-E34BAA60", "card_url": "https://trello.com/c/MOCK-E34BAA60/mock-card", "severity": "P2", "module": "backend", "labels": ["P2-High", "module-backend"], "confidence_score": 0.8}','2026-04-08 23:04:06.773076');
INSERT INTO observability_events VALUES(196,'e1ff55db-9f5b-4ab1-a1ed-b819018c5aa2','notify',30,'success',19,'{"notifications_sent": ["slack", "email"], "notifications_failed": [], "ticket_id": 45, "card_url": "https://trello.com/c/MOCK-B0D32FE5/mock-card", "reporter_email": "test37@company.com"}','2026-04-08 23:04:06.775028');
INSERT INTO observability_events VALUES(197,'80cd9ae8-9039-4a52-bf3f-64e36eb84e8c','notify',15,'success',33,'{"notifications_sent": ["slack", "email"], "notifications_failed": [], "ticket_id": 41, "card_url": "https://trello.com/c/MOCK-E4E2964A/mock-card", "reporter_email": "test14@company.com"}','2026-04-08 23:04:06.765616');
INSERT INTO observability_events VALUES(198,'c1b97b10-dfda-4403-b58a-42ac8ea86150','notify',49,'success',44,'{"notifications_sent": ["slack", "email"], "notifications_failed": [], "ticket_id": 42, "card_url": "https://trello.com/c/MOCK-351A062E/mock-card", "reporter_email": "test48@company.com"}','2026-04-08 23:04:06.778054');
INSERT INTO observability_events VALUES(199,'ebf05ef1-5f08-4650-a504-88e44c679511','notify',50,'success',14,'{"notifications_sent": ["slack", "email"], "notifications_failed": [], "ticket_id": 44, "card_url": "https://trello.com/c/MOCK-8E0E3C5A/mock-card", "reporter_email": "test38@company.com"}','2026-04-08 23:04:06.782569');
INSERT INTO observability_events VALUES(200,'47f10435-3007-429e-b848-5b9793e895af','notify',47,'success',14,'{"notifications_sent": ["slack", "email"], "notifications_failed": [], "ticket_id": 48, "card_url": "https://trello.com/c/MOCK-00124ED0/mock-card", "reporter_email": "test27@company.com"}','2026-04-08 23:04:06.783190');
INSERT INTO observability_events VALUES(201,'f04cb32b-f9e7-4f79-a903-ee491d0b9dcf','notify',35,'success',366,'{"notifications_sent": ["slack", "email"], "notifications_failed": [], "ticket_id": 17, "card_url": "https://trello.com/c/MOCK-18832E03/mock-card", "reporter_email": "test39@company.com"}','2026-04-08 23:04:06.786454');
INSERT INTO observability_events VALUES(202,'b184ba9c-aa93-4e72-a52a-08734636cfc3','notify',21,'success',155,'{"notifications_sent": ["slack", "email"], "notifications_failed": [], "ticket_id": 38, "card_url": "https://trello.com/c/MOCK-B4EA552A/mock-card", "reporter_email": "test11@company.com"}','2026-04-08 23:04:06.788649');
INSERT INTO observability_events VALUES(203,'c4f82aa3-8536-42ed-a3f8-b57d0926cd18','notify',55,'success',17,'{"notifications_sent": ["slack", "email"], "notifications_failed": [], "ticket_id": 49, "card_url": "https://trello.com/c/MOCK-E34BAA60/mock-card", "reporter_email": "test49@company.com"}','2026-04-08 23:04:06.792916');
INSERT INTO observability_events VALUES(204,'cdd0f686-34b3-492a-9d6a-5d1b1809a6e1','notify',39,'success',36,'{"notifications_sent": ["slack", "email"], "notifications_failed": [], "ticket_id": 46, "card_url": "https://trello.com/c/MOCK-564753C7/mock-card", "reporter_email": "test30@company.com"}','2026-04-08 23:04:06.794582');
INSERT INTO observability_events VALUES(205,'0f2c0811-55b4-402e-ad40-d0c6f94b8bd8','ticket',53,'success',141,'{"ticket_id": 50, "card_id": "MOCK-37CC8192", "card_url": "https://trello.com/c/MOCK-37CC8192/mock-card", "severity": "P2", "module": "backend", "labels": ["P2-High", "module-backend"], "confidence_score": 0.8}','2026-04-08 23:04:06.812365');
INSERT INTO observability_events VALUES(206,'7af23560-70f3-42b7-a254-60f332214309','notify',48,'success',58,'{"notifications_sent": ["slack", "email"], "notifications_failed": [], "ticket_id": 47, "card_url": "https://trello.com/c/MOCK-B437574C/mock-card", "reporter_email": "test15@company.com"}','2026-04-08 23:04:06.819423');
INSERT INTO observability_events VALUES(207,'0f2c0811-55b4-402e-ad40-d0c6f94b8bd8','notify',53,'success',6,'{"notifications_sent": ["slack", "email"], "notifications_failed": [], "ticket_id": 50, "card_url": "https://trello.com/c/MOCK-37CC8192/mock-card", "reporter_email": "test40@company.com"}','2026-04-08 23:04:06.823708');
INSERT INTO observability_events VALUES(208,'c7bfc86e-045d-4dd3-addf-66e7f52a22fc','ticket',8,'success',537,'{"ticket_id": 51, "card_id": "MOCK-7BA4F2EA", "card_url": "https://trello.com/c/MOCK-7BA4F2EA/mock-card", "severity": "P2", "module": "backend", "labels": ["P2-High", "module-backend"], "confidence_score": 0.8}','2026-04-08 23:04:06.836094');
INSERT INTO observability_events VALUES(209,'d7827cf2-d1b3-4bef-b333-452cea332dbd','notify',54,'success',112,'{"notifications_sent": ["slack", "email"], "notifications_failed": [], "ticket_id": 40, "card_url": "https://trello.com/c/MOCK-45B45F17/mock-card", "reporter_email": "test47@company.com"}','2026-04-08 23:04:06.841606');
INSERT INTO observability_events VALUES(210,'c7bfc86e-045d-4dd3-addf-66e7f52a22fc','notify',8,'success',3,'{"notifications_sent": ["slack", "email"], "notifications_failed": [], "ticket_id": 51, "card_url": "https://trello.com/c/MOCK-7BA4F2EA/mock-card", "reporter_email": "test12@company.com"}','2026-04-08 23:04:06.840532');
INSERT INTO observability_events VALUES(211,'08f0a6bf-0482-4fb9-abe8-92a307ce2918','triage',20,'success',390,'{"severity_detected": "P2", "module_detected": "backend", "confidence_score": 0.8, "model": "claude-sonnet-4-6", "has_image_attachment": false, "has_log_attachment": false, "num_suggested_files": 2}','2026-04-08 23:04:06.519411');
INSERT INTO observability_events VALUES(212,'08f0a6bf-0482-4fb9-abe8-92a307ce2918','ticket',20,'success',3,'{"ticket_id": 52, "card_id": "MOCK-6E4D85A8", "card_url": "https://trello.com/c/MOCK-6E4D85A8/mock-card", "severity": "P2", "module": "backend", "labels": ["P2-High", "module-backend"], "confidence_score": 0.8}','2026-04-08 23:04:06.863291');
INSERT INTO observability_events VALUES(213,'08f0a6bf-0482-4fb9-abe8-92a307ce2918','notify',20,'success',3,'{"notifications_sent": ["slack", "email"], "notifications_failed": [], "ticket_id": 52, "card_url": "https://trello.com/c/MOCK-6E4D85A8/mock-card", "reporter_email": "test5@company.com"}','2026-04-08 23:04:06.867531');
INSERT INTO observability_events VALUES(214,'7ee0dfb0-887f-45cc-bbcd-ba0b3afab9d7','ticket',51,'success',261,'{"ticket_id": 53, "card_id": "MOCK-1E3DE15D", "card_url": "https://trello.com/c/MOCK-1E3DE15D/mock-card", "severity": "P2", "module": "backend", "labels": ["P2-High", "module-backend"], "confidence_score": 0.8}','2026-04-08 23:04:06.873690');
INSERT INTO observability_events VALUES(215,'7ee0dfb0-887f-45cc-bbcd-ba0b3afab9d7','notify',51,'success',4,'{"notifications_sent": ["slack", "email"], "notifications_failed": [], "ticket_id": 53, "card_url": "https://trello.com/c/MOCK-1E3DE15D/mock-card", "reporter_email": "test44@company.com"}','2026-04-08 23:04:06.879893');
INSERT INTO observability_events VALUES(216,'1e37ac46-c54a-4946-a719-3b51ac886f7d','notify',22,'success',542,'{"notifications_sent": ["slack", "email"], "notifications_failed": [], "ticket_id": 11, "card_url": "https://trello.com/c/MOCK-14A5345B/mock-card", "reporter_email": "test16@company.com"}','2026-04-08 23:04:06.886997');
INSERT INTO observability_events VALUES(217,'a8195a76-bc17-491a-897a-9373e50313db','notify',56,'success',160,'{"notifications_sent": ["slack", "email"], "notifications_failed": [], "ticket_id": 43, "card_url": "https://trello.com/c/MOCK-7BACBD84/mock-card", "reporter_email": "test46@company.com"}','2026-04-08 23:04:06.894379');
INSERT INTO observability_events VALUES(218,'ad2b409e-16cd-4592-a670-f2e6fb64cdcd','triage',10,'success',945,'{"severity_detected": "P2", "module_detected": "backend", "confidence_score": 0.8, "model": "claude-sonnet-4-6", "has_image_attachment": false, "has_log_attachment": false, "num_suggested_files": 2}','2026-04-08 23:04:06.967282');
INSERT INTO observability_events VALUES(219,'ad2b409e-16cd-4592-a670-f2e6fb64cdcd','ticket',10,'success',2,'{"ticket_id": 54, "card_id": "MOCK-2F3C3583", "card_url": "https://trello.com/c/MOCK-2F3C3583/mock-card", "severity": "P2", "module": "backend", "labels": ["P2-High", "module-backend"], "confidence_score": 0.8}','2026-04-08 23:04:06.971530');
INSERT INTO observability_events VALUES(220,'ad2b409e-16cd-4592-a670-f2e6fb64cdcd','notify',10,'success',2,'{"notifications_sent": ["slack", "email"], "notifications_failed": [], "ticket_id": 54, "card_url": "https://trello.com/c/MOCK-2F3C3583/mock-card", "reporter_email": "test4@company.com"}','2026-04-08 23:04:06.974911');
INSERT INTO observability_events VALUES(221,'6587a5a0-71bc-4cf0-9ddc-24350e90c436','triage',11,'success',957,'{"severity_detected": "P2", "module_detected": "backend", "confidence_score": 0.8, "model": "claude-sonnet-4-6", "has_image_attachment": false, "has_log_attachment": false, "num_suggested_files": 2}','2026-04-08 23:04:06.982486');
INSERT INTO observability_events VALUES(222,'6587a5a0-71bc-4cf0-9ddc-24350e90c436','ticket',11,'success',2,'{"ticket_id": 55, "card_id": "MOCK-F6C74F6D", "card_url": "https://trello.com/c/MOCK-F6C74F6D/mock-card", "severity": "P2", "module": "backend", "labels": ["P2-High", "module-backend"], "confidence_score": 0.8}','2026-04-08 23:04:06.985883');
INSERT INTO observability_events VALUES(223,'6587a5a0-71bc-4cf0-9ddc-24350e90c436','notify',11,'success',3,'{"notifications_sent": ["slack", "email"], "notifications_failed": [], "ticket_id": 55, "card_url": "https://trello.com/c/MOCK-F6C74F6D/mock-card", "reporter_email": "test20@company.com"}','2026-04-08 23:04:06.989955');
CREATE TABLE triage_results (
	id INTEGER NOT NULL, 
	incident_id INTEGER NOT NULL, 
	severity VARCHAR(4) NOT NULL, 
	affected_module VARCHAR(50) NOT NULL, 
	technical_summary TEXT NOT NULL, 
	suggested_files TEXT NOT NULL, 
	confidence_score FLOAT NOT NULL, 
	raw_llm_response TEXT, 
	created_at DATETIME NOT NULL, reasoning_chain TEXT, 
	PRIMARY KEY (id), 
	FOREIGN KEY(incident_id) REFERENCES incidents (id)
);
INSERT INTO triage_results VALUES(1,1,'P3','unknown','Triage analysis failed: LLM error: Error code: 401 - {''type'': ''error'', ''error'': {''type'': ''authentication_error'', ''message'': ''invalid x-api-key''}, ''request_id'': ''req_011CZs1CAbFW3A3FzXssHPwg''}. Please review manually.','[]',0.1000000000000000055,NULL,'2026-04-08 21:20:53.438996',NULL);
INSERT INTO triage_results VALUES(2,2,'P3','unknown','Triage analysis failed: LLM error: Error code: 401 - {''type'': ''error'', ''error'': {''type'': ''authentication_error'', ''message'': ''invalid x-api-key''}, ''request_id'': ''req_011CZs6c5PUMZdaqw5L4Hujs''}. Please review manually.','[]',0.1000000000000000055,NULL,'2026-04-08 22:31:51.905537',NULL);
INSERT INTO triage_results VALUES(3,3,'P3','unknown','Triage analysis failed: LLM error: Error code: 401 - {''type'': ''error'', ''error'': {''type'': ''authentication_error'', ''message'': ''invalid x-api-key''}, ''request_id'': ''req_011CZs6k5UeboXBiBNeGH8GG''}. Please review manually.','[]',0.1000000000000000055,NULL,'2026-04-08 22:33:40.423647',NULL);
INSERT INTO triage_results VALUES(4,4,'P3','unknown','Triage analysis failed: LLM error: Error code: 401 - {''type'': ''error'', ''error'': {''type'': ''authentication_error'', ''message'': ''invalid x-api-key''}, ''request_id'': ''req_011CZs7AMs4BZK2nqdnzmdxA''}. Please review manually.','[]',0.1000000000000000055,NULL,'2026-04-08 22:39:09.967469',NULL);
INSERT INTO triage_results VALUES(5,5,'P2','backend','[MOCK] Simulated triage analysis. Real LLM disabled by MOCK_INTEGRATIONS=true','["src/api/handler.py", "src/services/cache.py"]',0.8000000000000000444,NULL,'2026-04-08 22:40:24.416129',NULL);
INSERT INTO triage_results VALUES(6,6,'P2','backend','[MOCK] Simulated triage analysis. Real LLM disabled by MOCK_INTEGRATIONS=true','["src/api/handler.py", "src/services/cache.py"]',0.8000000000000000444,NULL,'2026-04-08 22:49:13.682473',NULL);
INSERT INTO triage_results VALUES(7,12,'P2','backend','[MOCK] Simulated triage analysis. Real LLM disabled by MOCK_INTEGRATIONS=true','["src/api/handler.py", "src/services/cache.py"]',0.8000000000000000444,NULL,'2026-04-08 23:04:06.087349',NULL);
INSERT INTO triage_results VALUES(8,16,'P2','backend','[MOCK] Simulated triage analysis. Real LLM disabled by MOCK_INTEGRATIONS=true','["src/api/handler.py", "src/services/cache.py"]',0.8000000000000000444,NULL,'2026-04-08 23:04:06.115269',NULL);
INSERT INTO triage_results VALUES(9,13,'P2','backend','[MOCK] Simulated triage analysis. Real LLM disabled by MOCK_INTEGRATIONS=true','["src/api/handler.py", "src/services/cache.py"]',0.8000000000000000444,NULL,'2026-04-08 23:04:06.179781',NULL);
INSERT INTO triage_results VALUES(10,9,'P2','backend','[MOCK] Simulated triage analysis. Real LLM disabled by MOCK_INTEGRATIONS=true','["src/api/handler.py", "src/services/cache.py"]',0.8000000000000000444,NULL,'2026-04-08 23:04:06.079537',NULL);
INSERT INTO triage_results VALUES(11,18,'P2','backend','[MOCK] Simulated triage analysis. Real LLM disabled by MOCK_INTEGRATIONS=true','["src/api/handler.py", "src/services/cache.py"]',0.8000000000000000444,NULL,'2026-04-08 23:04:06.207687',NULL);
INSERT INTO triage_results VALUES(12,29,'P2','backend','[MOCK] Simulated triage analysis. Real LLM disabled by MOCK_INTEGRATIONS=true','["src/api/handler.py", "src/services/cache.py"]',0.8000000000000000444,NULL,'2026-04-08 23:04:06.214610',NULL);
INSERT INTO triage_results VALUES(13,22,'P2','backend','[MOCK] Simulated triage analysis. Real LLM disabled by MOCK_INTEGRATIONS=true','["src/api/handler.py", "src/services/cache.py"]',0.8000000000000000444,NULL,'2026-04-08 23:04:06.219870',NULL);
INSERT INTO triage_results VALUES(14,14,'P2','backend','[MOCK] Simulated triage analysis. Real LLM disabled by MOCK_INTEGRATIONS=true','["src/api/handler.py", "src/services/cache.py"]',0.8000000000000000444,NULL,'2026-04-08 23:04:06.223829',NULL);
INSERT INTO triage_results VALUES(15,23,'P2','backend','[MOCK] Simulated triage analysis. Real LLM disabled by MOCK_INTEGRATIONS=true','["src/api/handler.py", "src/services/cache.py"]',0.8000000000000000444,NULL,'2026-04-08 23:04:06.181136',NULL);
INSERT INTO triage_results VALUES(16,7,'P2','backend','[MOCK] Simulated triage analysis. Real LLM disabled by MOCK_INTEGRATIONS=true','["src/api/handler.py", "src/services/cache.py"]',0.8000000000000000444,NULL,'2026-04-08 23:04:06.232171',NULL);
INSERT INTO triage_results VALUES(17,38,'P2','backend','[MOCK] Simulated triage analysis. Real LLM disabled by MOCK_INTEGRATIONS=true','["src/api/handler.py", "src/services/cache.py"]',0.8000000000000000444,NULL,'2026-04-08 23:04:06.245939',NULL);
INSERT INTO triage_results VALUES(18,26,'P2','backend','[MOCK] Simulated triage analysis. Real LLM disabled by MOCK_INTEGRATIONS=true','["src/api/handler.py", "src/services/cache.py"]',0.8000000000000000444,NULL,'2026-04-08 23:04:06.251841',NULL);
INSERT INTO triage_results VALUES(19,31,'P2','backend','[MOCK] Simulated triage analysis. Real LLM disabled by MOCK_INTEGRATIONS=true','["src/api/handler.py", "src/services/cache.py"]',0.8000000000000000444,NULL,'2026-04-08 23:04:06.254606',NULL);
INSERT INTO triage_results VALUES(20,32,'P2','backend','[MOCK] Simulated triage analysis. Real LLM disabled by MOCK_INTEGRATIONS=true','["src/api/handler.py", "src/services/cache.py"]',0.8000000000000000444,NULL,'2026-04-08 23:04:06.256158',NULL);
INSERT INTO triage_results VALUES(21,33,'P2','backend','[MOCK] Simulated triage analysis. Real LLM disabled by MOCK_INTEGRATIONS=true','["src/api/handler.py", "src/services/cache.py"]',0.8000000000000000444,NULL,'2026-04-08 23:04:06.258272',NULL);
INSERT INTO triage_results VALUES(22,37,'P2','backend','[MOCK] Simulated triage analysis. Real LLM disabled by MOCK_INTEGRATIONS=true','["src/api/handler.py", "src/services/cache.py"]',0.8000000000000000444,NULL,'2026-04-08 23:04:06.262718',NULL);
INSERT INTO triage_results VALUES(23,35,'P2','backend','[MOCK] Simulated triage analysis. Real LLM disabled by MOCK_INTEGRATIONS=true','["src/api/handler.py", "src/services/cache.py"]',0.8000000000000000444,NULL,'2026-04-08 23:04:06.264109',NULL);
INSERT INTO triage_results VALUES(24,28,'P2','backend','[MOCK] Simulated triage analysis. Real LLM disabled by MOCK_INTEGRATIONS=true','["src/api/handler.py", "src/services/cache.py"]',0.8000000000000000444,NULL,'2026-04-08 23:04:06.269110',NULL);
INSERT INTO triage_results VALUES(25,27,'P2','backend','[MOCK] Simulated triage analysis. Real LLM disabled by MOCK_INTEGRATIONS=true','["src/api/handler.py", "src/services/cache.py"]',0.8000000000000000444,NULL,'2026-04-08 23:04:06.268507',NULL);
INSERT INTO triage_results VALUES(26,8,'P2','backend','[MOCK] Simulated triage analysis. Real LLM disabled by MOCK_INTEGRATIONS=true','["src/api/handler.py", "src/services/cache.py"]',0.8000000000000000444,NULL,'2026-04-08 23:04:06.272349',NULL);
INSERT INTO triage_results VALUES(27,43,'P2','backend','[MOCK] Simulated triage analysis. Real LLM disabled by MOCK_INTEGRATIONS=true','["src/api/handler.py", "src/services/cache.py"]',0.8000000000000000444,NULL,'2026-04-08 23:04:06.273720',NULL);
INSERT INTO triage_results VALUES(28,25,'P2','backend','[MOCK] Simulated triage analysis. Real LLM disabled by MOCK_INTEGRATIONS=true','["src/api/handler.py", "src/services/cache.py"]',0.8000000000000000444,NULL,'2026-04-08 23:04:06.276314',NULL);
INSERT INTO triage_results VALUES(29,45,'P2','backend','[MOCK] Simulated triage analysis. Real LLM disabled by MOCK_INTEGRATIONS=true','["src/api/handler.py", "src/services/cache.py"]',0.8000000000000000444,NULL,'2026-04-08 23:04:06.277315',NULL);
INSERT INTO triage_results VALUES(30,44,'P2','backend','[MOCK] Simulated triage analysis. Real LLM disabled by MOCK_INTEGRATIONS=true','["src/api/handler.py", "src/services/cache.py"]',0.8000000000000000444,NULL,'2026-04-08 23:04:06.278460',NULL);
INSERT INTO triage_results VALUES(31,46,'P2','backend','[MOCK] Simulated triage analysis. Real LLM disabled by MOCK_INTEGRATIONS=true','["src/api/handler.py", "src/services/cache.py"]',0.8000000000000000444,NULL,'2026-04-08 23:04:06.281312',NULL);
INSERT INTO triage_results VALUES(32,36,'P2','backend','[MOCK] Simulated triage analysis. Real LLM disabled by MOCK_INTEGRATIONS=true','["src/api/handler.py", "src/services/cache.py"]',0.8000000000000000444,NULL,'2026-04-08 23:04:06.294332',NULL);
INSERT INTO triage_results VALUES(33,24,'P2','backend','[MOCK] Simulated triage analysis. Real LLM disabled by MOCK_INTEGRATIONS=true','["src/api/handler.py", "src/services/cache.py"]',0.8000000000000000444,NULL,'2026-04-08 23:04:06.307178',NULL);
INSERT INTO triage_results VALUES(34,42,'P2','backend','[MOCK] Simulated triage analysis. Real LLM disabled by MOCK_INTEGRATIONS=true','["src/api/handler.py", "src/services/cache.py"]',0.8000000000000000444,NULL,'2026-04-08 23:04:06.308974',NULL);
INSERT INTO triage_results VALUES(35,19,'P2','backend','[MOCK] Simulated triage analysis. Real LLM disabled by MOCK_INTEGRATIONS=true','["src/api/handler.py", "src/services/cache.py"]',0.8000000000000000444,NULL,'2026-04-08 23:04:06.359141',NULL);
INSERT INTO triage_results VALUES(36,41,'P2','backend','[MOCK] Simulated triage analysis. Real LLM disabled by MOCK_INTEGRATIONS=true','["src/api/handler.py", "src/services/cache.py"]',0.8000000000000000444,NULL,'2026-04-08 23:04:06.389838',NULL);
INSERT INTO triage_results VALUES(37,34,'P2','backend','[MOCK] Simulated triage analysis. Real LLM disabled by MOCK_INTEGRATIONS=true','["src/api/handler.py", "src/services/cache.py"]',0.8000000000000000444,NULL,'2026-04-08 23:04:06.285673',NULL);
INSERT INTO triage_results VALUES(38,21,'P2','backend','[MOCK] Simulated triage analysis. Real LLM disabled by MOCK_INTEGRATIONS=true','["src/api/handler.py", "src/services/cache.py"]',0.8000000000000000444,NULL,'2026-04-08 23:04:06.454279',NULL);
INSERT INTO triage_results VALUES(39,17,'P2','backend','[MOCK] Simulated triage analysis. Real LLM disabled by MOCK_INTEGRATIONS=true','["src/api/handler.py", "src/services/cache.py"]',0.8000000000000000444,NULL,'2026-04-08 23:04:06.458513',NULL);
INSERT INTO triage_results VALUES(40,40,'P2','backend','[MOCK] Simulated triage analysis. Real LLM disabled by MOCK_INTEGRATIONS=true','["src/api/handler.py", "src/services/cache.py"]',0.8000000000000000444,NULL,'2026-04-08 23:04:06.247854',NULL);
INSERT INTO triage_results VALUES(41,20,'P2','backend','[MOCK] Simulated triage analysis. Real LLM disabled by MOCK_INTEGRATIONS=true','["src/api/handler.py", "src/services/cache.py"]',0.8000000000000000444,NULL,'2026-04-08 23:04:06.453622',NULL);
INSERT INTO triage_results VALUES(42,48,'P2','backend','[MOCK] Simulated triage analysis. Real LLM disabled by MOCK_INTEGRATIONS=true','["src/api/handler.py", "src/services/cache.py"]',0.8000000000000000444,NULL,'2026-04-08 23:04:06.560656',NULL);
INSERT INTO triage_results VALUES(43,51,'P2','backend','[MOCK] Simulated triage analysis. Real LLM disabled by MOCK_INTEGRATIONS=true','["src/api/handler.py", "src/services/cache.py"]',0.8000000000000000444,NULL,'2026-04-08 23:04:06.579630',NULL);
INSERT INTO triage_results VALUES(44,49,'P2','backend','[MOCK] Simulated triage analysis. Real LLM disabled by MOCK_INTEGRATIONS=true','["src/api/handler.py", "src/services/cache.py"]',0.8000000000000000444,NULL,'2026-04-08 23:04:06.583520',NULL);
INSERT INTO triage_results VALUES(45,54,'P2','backend','[MOCK] Simulated triage analysis. Real LLM disabled by MOCK_INTEGRATIONS=true','["src/api/handler.py", "src/services/cache.py"]',0.8000000000000000444,NULL,'2026-04-08 23:04:06.611623',NULL);
INSERT INTO triage_results VALUES(46,50,'P2','backend','[MOCK] Simulated triage analysis. Real LLM disabled by MOCK_INTEGRATIONS=true','["src/api/handler.py", "src/services/cache.py"]',0.8000000000000000444,NULL,'2026-04-08 23:04:06.617058',NULL);
INSERT INTO triage_results VALUES(47,52,'P2','backend','[MOCK] Simulated triage analysis. Real LLM disabled by MOCK_INTEGRATIONS=true','["src/api/handler.py", "src/services/cache.py"]',0.8000000000000000444,NULL,'2026-04-08 23:04:06.619597',NULL);
INSERT INTO triage_results VALUES(48,56,'P2','backend','[MOCK] Simulated triage analysis. Real LLM disabled by MOCK_INTEGRATIONS=true','["src/api/handler.py", "src/services/cache.py"]',0.8000000000000000444,NULL,'2026-04-08 23:04:06.616286',NULL);
INSERT INTO triage_results VALUES(49,30,'P2','backend','[MOCK] Simulated triage analysis. Real LLM disabled by MOCK_INTEGRATIONS=true','["src/api/handler.py", "src/services/cache.py"]',0.8000000000000000444,NULL,'2026-04-08 23:04:06.624445',NULL);
INSERT INTO triage_results VALUES(50,15,'P2','backend','[MOCK] Simulated triage analysis. Real LLM disabled by MOCK_INTEGRATIONS=true','["src/api/handler.py", "src/services/cache.py"]',0.8000000000000000444,NULL,'2026-04-08 23:04:06.095916',NULL);
INSERT INTO triage_results VALUES(51,53,'P2','backend','[MOCK] Simulated triage analysis. Real LLM disabled by MOCK_INTEGRATIONS=true','["src/api/handler.py", "src/services/cache.py"]',0.8000000000000000444,NULL,'2026-04-08 23:04:06.635321',NULL);
INSERT INTO triage_results VALUES(52,55,'P2','backend','[MOCK] Simulated triage analysis. Real LLM disabled by MOCK_INTEGRATIONS=true','["src/api/handler.py", "src/services/cache.py"]',0.8000000000000000444,NULL,'2026-04-08 23:04:06.648277',NULL);
INSERT INTO triage_results VALUES(53,39,'P2','backend','[MOCK] Simulated triage analysis. Real LLM disabled by MOCK_INTEGRATIONS=true','["src/api/handler.py", "src/services/cache.py"]',0.8000000000000000444,NULL,'2026-04-08 23:04:06.240049',NULL);
INSERT INTO triage_results VALUES(54,47,'P2','backend','[MOCK] Simulated triage analysis. Real LLM disabled by MOCK_INTEGRATIONS=true','["src/api/handler.py", "src/services/cache.py"]',0.8000000000000000444,NULL,'2026-04-08 23:04:06.677566',NULL);
INSERT INTO triage_results VALUES(55,10,'P2','backend','[MOCK] Simulated triage analysis. Real LLM disabled by MOCK_INTEGRATIONS=true','["src/api/handler.py", "src/services/cache.py"]',0.8000000000000000444,NULL,'2026-04-08 23:04:06.112448',NULL);
INSERT INTO triage_results VALUES(56,11,'P2','backend','[MOCK] Simulated triage analysis. Real LLM disabled by MOCK_INTEGRATIONS=true','["src/api/handler.py", "src/services/cache.py"]',0.8000000000000000444,NULL,'2026-04-08 23:04:06.138870',NULL);
CREATE TABLE tickets (
	id INTEGER NOT NULL, 
	incident_id INTEGER NOT NULL, 
	trello_card_id VARCHAR(100), 
	trello_card_url VARCHAR(500), 
	trello_list_id VARCHAR(100) NOT NULL, 
	status VARCHAR(20) NOT NULL, 
	created_at DATETIME NOT NULL, 
	resolved_at DATETIME, 
	PRIMARY KEY (id), 
	FOREIGN KEY(incident_id) REFERENCES incidents (id)
);
INSERT INTO tickets VALUES(1,2,'MOCK-38F87321','https://trello.com/c/MOCK-38F87321/mock-card','test-todo-list-id','pending','2026-04-08 22:31:51.916212',NULL);
INSERT INTO tickets VALUES(2,3,'MOCK-F5E57DAF','https://trello.com/c/MOCK-F5E57DAF/mock-card','test-todo-list-id','pending','2026-04-08 22:33:40.432398',NULL);
INSERT INTO tickets VALUES(3,4,'MOCK-D9BB0E62','https://trello.com/c/MOCK-D9BB0E62/mock-card','test-todo-list-id','pending','2026-04-08 22:39:09.977712',NULL);
INSERT INTO tickets VALUES(4,5,'MOCK-024F17C3','https://trello.com/c/MOCK-024F17C3/mock-card','test-todo-list-id','pending','2026-04-08 22:40:24.425446',NULL);
INSERT INTO tickets VALUES(5,6,'MOCK-CDEAE234','https://trello.com/c/MOCK-CDEAE234/mock-card','test-todo-list-id','pending','2026-04-08 22:49:13.688924',NULL);
INSERT INTO tickets VALUES(6,12,'MOCK-06497350','https://trello.com/c/MOCK-06497350/mock-card','test-todo-list-id','pending','2026-04-08 23:04:06.291947',NULL);
INSERT INTO tickets VALUES(7,13,'MOCK-7A33A82F','https://trello.com/c/MOCK-7A33A82F/mock-card','test-todo-list-id','pending','2026-04-08 23:04:06.305679',NULL);
INSERT INTO tickets VALUES(8,9,'MOCK-8BD52FA9','https://trello.com/c/MOCK-8BD52FA9/mock-card','test-todo-list-id','pending','2026-04-08 23:04:06.315937',NULL);
INSERT INTO tickets VALUES(9,32,'MOCK-A42E2E50','https://trello.com/c/MOCK-A42E2E50/mock-card','test-todo-list-id','pending','2026-04-08 23:04:06.310972',NULL);
INSERT INTO tickets VALUES(10,29,'MOCK-13BE1FCE','https://trello.com/c/MOCK-13BE1FCE/mock-card','test-todo-list-id','pending','2026-04-08 23:04:06.329131',NULL);
INSERT INTO tickets VALUES(11,22,'MOCK-14A5345B','https://trello.com/c/MOCK-14A5345B/mock-card','test-todo-list-id','pending','2026-04-08 23:04:06.338767',NULL);
INSERT INTO tickets VALUES(12,7,'MOCK-6DF0D52B','https://trello.com/c/MOCK-6DF0D52B/mock-card','test-todo-list-id','pending','2026-04-08 23:04:06.343949',NULL);
INSERT INTO tickets VALUES(13,38,'MOCK-059D7321','https://trello.com/c/MOCK-059D7321/mock-card','test-todo-list-id','pending','2026-04-08 23:04:06.346071',NULL);
INSERT INTO tickets VALUES(14,23,'MOCK-C45D2663','https://trello.com/c/MOCK-C45D2663/mock-card','test-todo-list-id','pending','2026-04-08 23:04:06.342565',NULL);
INSERT INTO tickets VALUES(15,31,'MOCK-7837DEBC','https://trello.com/c/MOCK-7837DEBC/mock-card','test-todo-list-id','pending','2026-04-08 23:04:06.353343',NULL);
INSERT INTO tickets VALUES(16,18,'MOCK-75310544','https://trello.com/c/MOCK-75310544/mock-card','test-todo-list-id','pending','2026-04-08 23:04:06.357281',NULL);
INSERT INTO tickets VALUES(17,35,'MOCK-18832E03','https://trello.com/c/MOCK-18832E03/mock-card','test-todo-list-id','pending','2026-04-08 23:04:06.362240',NULL);
INSERT INTO tickets VALUES(18,28,'MOCK-B0F9172D','https://trello.com/c/MOCK-B0F9172D/mock-card','test-todo-list-id','pending','2026-04-08 23:04:06.367589',NULL);
INSERT INTO tickets VALUES(19,33,'MOCK-83B47033','https://trello.com/c/MOCK-83B47033/mock-card','test-todo-list-id','pending','2026-04-08 23:04:06.373044',NULL);
INSERT INTO tickets VALUES(20,16,'MOCK-E838261C','https://trello.com/c/MOCK-E838261C/mock-card','test-todo-list-id','pending','2026-04-08 23:04:06.292532',NULL);
INSERT INTO tickets VALUES(21,37,'MOCK-DA449CB4','https://trello.com/c/MOCK-DA449CB4/mock-card','test-todo-list-id','pending','2026-04-08 23:04:06.325323',NULL);
INSERT INTO tickets VALUES(22,27,'MOCK-C85AC80E','https://trello.com/c/MOCK-C85AC80E/mock-card','test-todo-list-id','pending','2026-04-08 23:04:06.387332',NULL);
INSERT INTO tickets VALUES(23,43,'MOCK-C4D0E938','https://trello.com/c/MOCK-C4D0E938/mock-card','test-todo-list-id','pending','2026-04-08 23:04:06.393953',NULL);
INSERT INTO tickets VALUES(24,25,'MOCK-362F3CDF','https://trello.com/c/MOCK-362F3CDF/mock-card','test-todo-list-id','pending','2026-04-08 23:04:06.395569',NULL);
INSERT INTO tickets VALUES(25,45,'MOCK-436C053F','https://trello.com/c/MOCK-436C053F/mock-card','test-todo-list-id','pending','2026-04-08 23:04:06.397138',NULL);
INSERT INTO tickets VALUES(26,46,'MOCK-B80EAD6B','https://trello.com/c/MOCK-B80EAD6B/mock-card','test-todo-list-id','pending','2026-04-08 23:04:06.400721',NULL);
INSERT INTO tickets VALUES(27,14,'MOCK-8A169275','https://trello.com/c/MOCK-8A169275/mock-card','test-todo-list-id','pending','2026-04-08 23:04:06.384113',NULL);
INSERT INTO tickets VALUES(28,24,'MOCK-26A72ECE','https://trello.com/c/MOCK-26A72ECE/mock-card','test-todo-list-id','pending','2026-04-08 23:04:06.428080',NULL);
INSERT INTO tickets VALUES(29,36,'MOCK-DE4DD719','https://trello.com/c/MOCK-DE4DD719/mock-card','test-todo-list-id','pending','2026-04-08 23:04:06.426141',NULL);
INSERT INTO tickets VALUES(30,42,'MOCK-15615AF0','https://trello.com/c/MOCK-15615AF0/mock-card','test-todo-list-id','pending','2026-04-08 23:04:06.440009',NULL);
INSERT INTO tickets VALUES(31,19,'MOCK-FC5B37A4','https://trello.com/c/MOCK-FC5B37A4/mock-card','test-todo-list-id','pending','2026-04-08 23:04:06.455282',NULL);
INSERT INTO tickets VALUES(32,26,'MOCK-66BB9340','https://trello.com/c/MOCK-66BB9340/mock-card','test-todo-list-id','pending','2026-04-08 23:04:06.347480',NULL);
INSERT INTO tickets VALUES(33,41,'MOCK-3D6FCC5E','https://trello.com/c/MOCK-3D6FCC5E/mock-card','test-todo-list-id','pending','2026-04-08 23:04:06.465061',NULL);
INSERT INTO tickets VALUES(34,44,'MOCK-33F0A34A','https://trello.com/c/MOCK-33F0A34A/mock-card','test-todo-list-id','pending','2026-04-08 23:04:06.417924',NULL);
INSERT INTO tickets VALUES(35,34,'MOCK-E5293FFF','https://trello.com/c/MOCK-E5293FFF/mock-card','test-todo-list-id','pending','2026-04-08 23:04:06.496726',NULL);
INSERT INTO tickets VALUES(36,40,'MOCK-3BC9D512','https://trello.com/c/MOCK-3BC9D512/mock-card','test-todo-list-id','pending','2026-04-08 23:04:06.580530',NULL);
INSERT INTO tickets VALUES(37,17,'MOCK-66E06B40','https://trello.com/c/MOCK-66E06B40/mock-card','test-todo-list-id','pending','2026-04-08 23:04:06.582280',NULL);
INSERT INTO tickets VALUES(38,21,'MOCK-B4EA552A','https://trello.com/c/MOCK-B4EA552A/mock-card','test-todo-list-id','pending','2026-04-08 23:04:06.608964',NULL);
INSERT INTO tickets VALUES(39,52,'MOCK-0429CA85','https://trello.com/c/MOCK-0429CA85/mock-card','test-todo-list-id','pending','2026-04-08 23:04:06.671176',NULL);
INSERT INTO tickets VALUES(40,54,'MOCK-45B45F17','https://trello.com/c/MOCK-45B45F17/mock-card','test-todo-list-id','pending','2026-04-08 23:04:06.686287',NULL);
INSERT INTO tickets VALUES(41,15,'MOCK-E4E2964A','https://trello.com/c/MOCK-E4E2964A/mock-card','test-todo-list-id','pending','2026-04-08 23:04:06.678439',NULL);
INSERT INTO tickets VALUES(42,49,'MOCK-351A062E','https://trello.com/c/MOCK-351A062E/mock-card','test-todo-list-id','pending','2026-04-08 23:04:06.704363',NULL);
INSERT INTO tickets VALUES(43,56,'MOCK-7BACBD84','https://trello.com/c/MOCK-7BACBD84/mock-card','test-todo-list-id','pending','2026-04-08 23:04:06.716985',NULL);
INSERT INTO tickets VALUES(44,50,'MOCK-8E0E3C5A','https://trello.com/c/MOCK-8E0E3C5A/mock-card','test-todo-list-id','pending','2026-04-08 23:04:06.701831',NULL);
INSERT INTO tickets VALUES(45,30,'MOCK-B0D32FE5','https://trello.com/c/MOCK-B0D32FE5/mock-card','test-todo-list-id','pending','2026-04-08 23:04:06.743157',NULL);
INSERT INTO tickets VALUES(46,39,'MOCK-564753C7','https://trello.com/c/MOCK-564753C7/mock-card','test-todo-list-id','pending','2026-04-08 23:04:06.746201',NULL);
INSERT INTO tickets VALUES(47,48,'MOCK-B437574C','https://trello.com/c/MOCK-B437574C/mock-card','test-todo-list-id','pending','2026-04-08 23:04:06.746491',NULL);
INSERT INTO tickets VALUES(48,47,'MOCK-00124ED0','https://trello.com/c/MOCK-00124ED0/mock-card','test-todo-list-id','pending','2026-04-08 23:04:06.760061',NULL);
INSERT INTO tickets VALUES(49,55,'MOCK-E34BAA60','https://trello.com/c/MOCK-E34BAA60/mock-card','test-todo-list-id','pending','2026-04-08 23:04:06.767411',NULL);
INSERT INTO tickets VALUES(50,53,'MOCK-37CC8192','https://trello.com/c/MOCK-37CC8192/mock-card','test-todo-list-id','pending','2026-04-08 23:04:06.696936',NULL);
INSERT INTO tickets VALUES(51,8,'MOCK-7BA4F2EA','https://trello.com/c/MOCK-7BA4F2EA/mock-card','test-todo-list-id','pending','2026-04-08 23:04:06.392516',NULL);
INSERT INTO tickets VALUES(52,20,'MOCK-6E4D85A8','https://trello.com/c/MOCK-6E4D85A8/mock-card','test-todo-list-id','pending','2026-04-08 23:04:06.861089',NULL);
INSERT INTO tickets VALUES(53,51,'MOCK-1E3DE15D','https://trello.com/c/MOCK-1E3DE15D/mock-card','test-todo-list-id','pending','2026-04-08 23:04:06.633544',NULL);
INSERT INTO tickets VALUES(54,10,'MOCK-2F3C3583','https://trello.com/c/MOCK-2F3C3583/mock-card','test-todo-list-id','pending','2026-04-08 23:04:06.969985',NULL);
INSERT INTO tickets VALUES(55,11,'MOCK-F6C74F6D','https://trello.com/c/MOCK-F6C74F6D/mock-card','test-todo-list-id','pending','2026-04-08 23:04:06.984447',NULL);
CREATE TABLE notification_logs (
	id INTEGER NOT NULL, 
	incident_id INTEGER NOT NULL, 
	channel VARCHAR(10) NOT NULL, 
	recipient VARCHAR(254) NOT NULL, 
	notification_type VARCHAR(30) NOT NULL, 
	content_summary TEXT NOT NULL, 
	status VARCHAR(10) NOT NULL, 
	sent_at DATETIME NOT NULL, 
	error_message TEXT, 
	PRIMARY KEY (id), 
	FOREIGN KEY(incident_id) REFERENCES incidents (id)
);
INSERT INTO notification_logs VALUES(1,2,'email','oncall@company.com','reporter_confirmation','Database Connection Pool Exhausted','mocked','2026-04-08 22:31:51.926144',NULL);
INSERT INTO notification_logs VALUES(2,3,'email','alert@company.com','reporter_confirmation','Payment Processing Service Down','mocked','2026-04-08 22:33:40.438335',NULL);
INSERT INTO notification_logs VALUES(3,4,'email','platform-team@company.com','reporter_confirmation','API Gateway Memory Leak','mocked','2026-04-08 22:39:09.985570',NULL);
INSERT INTO notification_logs VALUES(4,5,'email','security@company.com','reporter_confirmation','Critical Security Vulnerability Found','mocked','2026-04-08 22:40:24.432347',NULL);
INSERT INTO notification_logs VALUES(5,6,'email','test@company.com','reporter_confirmation','Dual Mode Test','mocked','2026-04-08 22:49:13.698347',NULL);
INSERT INTO notification_logs VALUES(6,12,'email','test3@company.com','reporter_confirmation','Authentication service 503 errors [003]','mocked','2026-04-08 23:04:06.448278',NULL);
INSERT INTO notification_logs VALUES(7,13,'email','test6@company.com','reporter_confirmation','S3 upload failures (403 Forbidden) [006]','mocked','2026-04-08 23:04:06.450223',NULL);
INSERT INTO notification_logs VALUES(8,32,'email','test17@company.com','reporter_confirmation','Message queue depth increasing [017]','mocked','2026-04-08 23:04:06.462854',NULL);
INSERT INTO notification_logs VALUES(9,7,'email','test0@company.com','reporter_confirmation','Database connection pool exhausted [000]','mocked','2026-04-08 23:04:06.466677',NULL);
INSERT INTO notification_logs VALUES(10,38,'email','test22@company.com','reporter_confirmation','Cache invalidation performing slowly [022]','mocked','2026-04-08 23:04:06.470125',NULL);
INSERT INTO notification_logs VALUES(11,9,'email','test8@company.com','reporter_confirmation','SSL certificate expiring soon [008]','mocked','2026-04-08 23:04:06.451626',NULL);
INSERT INTO notification_logs VALUES(12,23,'email','test13@company.com','reporter_confirmation','Authentication service 503 errors [013]','mocked','2026-04-08 23:04:06.482872',NULL);
INSERT INTO notification_logs VALUES(13,27,'email','test32@company.com','reporter_confirmation','Cache invalidation performing slowly [032]','mocked','2026-04-08 23:04:06.488903',NULL);
INSERT INTO notification_logs VALUES(14,16,'email','test2@company.com','reporter_confirmation','Cache invalidation performing slowly [002]','mocked','2026-04-08 23:04:06.487684',NULL);
INSERT INTO notification_logs VALUES(15,45,'email','test25@company.com','reporter_confirmation','Nginx worker processes high CPU [025]','mocked','2026-04-08 23:04:06.492641',NULL);
INSERT INTO notification_logs VALUES(16,33,'email','test23@company.com','reporter_confirmation','Authentication service 503 errors [023]','mocked','2026-04-08 23:04:06.502815',NULL);
INSERT INTO notification_logs VALUES(17,28,'email','test19@company.com','reporter_confirmation','Database replication lag critical [019]','mocked','2026-04-08 23:04:06.511619',NULL);
INSERT INTO notification_logs VALUES(18,46,'email','test45@company.com','reporter_confirmation','Nginx worker processes high CPU [045]','mocked','2026-04-08 23:04:06.508715',NULL);
INSERT INTO notification_logs VALUES(19,31,'email','test36@company.com','reporter_confirmation','S3 upload failures (403 Forbidden) [036]','mocked','2026-04-08 23:04:06.524299',NULL);
INSERT INTO notification_logs VALUES(20,25,'email','test33@company.com','reporter_confirmation','Authentication service 503 errors [033]','mocked','2026-04-08 23:04:06.491322',NULL);
INSERT INTO notification_logs VALUES(21,14,'email','test7@company.com','reporter_confirmation','Message queue depth increasing [007]','mocked','2026-04-08 23:04:06.533704',NULL);
INSERT INTO notification_logs VALUES(22,37,'email','test43@company.com','reporter_confirmation','Authentication service 503 errors [043]','mocked','2026-04-08 23:04:06.486457',NULL);
INSERT INTO notification_logs VALUES(23,36,'email','test26@company.com','reporter_confirmation','S3 upload failures (403 Forbidden) [026]','mocked','2026-04-08 23:04:06.572184',NULL);
INSERT INTO notification_logs VALUES(24,29,'email','test41@company.com','reporter_confirmation','API Gateway memory leak detected [041]','mocked','2026-04-08 23:04:06.563042',NULL);
INSERT INTO notification_logs VALUES(25,43,'email','test31@company.com','reporter_confirmation','API Gateway memory leak detected [031]','mocked','2026-04-08 23:04:06.578311',NULL);
INSERT INTO notification_logs VALUES(26,18,'email','test9@company.com','reporter_confirmation','Database replication lag critical [009]','mocked','2026-04-08 23:04:06.561420',NULL);
INSERT INTO notification_logs VALUES(27,24,'email','test28@company.com','reporter_confirmation','SSL certificate expiring soon [028]','mocked','2026-04-08 23:04:06.601167',NULL);
INSERT INTO notification_logs VALUES(28,42,'email','test35@company.com','reporter_confirmation','Nginx worker processes high CPU [035]','mocked','2026-04-08 23:04:06.606737',NULL);
INSERT INTO notification_logs VALUES(29,26,'email','test24@company.com','reporter_confirmation','Elasticsearch cluster health YELLOW [024]','mocked','2026-04-08 23:04:06.607952',NULL);
INSERT INTO notification_logs VALUES(30,34,'email','test21@company.com','reporter_confirmation','API Gateway memory leak detected [021]','mocked','2026-04-08 23:04:06.620528',NULL);
INSERT INTO notification_logs VALUES(31,44,'email','test18@company.com','reporter_confirmation','SSL certificate expiring soon [018]','mocked','2026-04-08 23:04:06.623564',NULL);
INSERT INTO notification_logs VALUES(32,41,'email','test29@company.com','reporter_confirmation','Database replication lag critical [029]','mocked','2026-04-08 23:04:06.593726',NULL);
INSERT INTO notification_logs VALUES(33,19,'email','test10@company.com','reporter_confirmation','Database connection pool exhausted [010]','mocked','2026-04-08 23:04:06.643690',NULL);
INSERT INTO notification_logs VALUES(34,40,'email','test34@company.com','reporter_confirmation','Elasticsearch cluster health YELLOW [034]','mocked','2026-04-08 23:04:06.737874',NULL);
INSERT INTO notification_logs VALUES(35,17,'email','test1@company.com','reporter_confirmation','API Gateway memory leak detected [001]','mocked','2026-04-08 23:04:06.753356',NULL);
INSERT INTO notification_logs VALUES(36,52,'email','test42@company.com','reporter_confirmation','Cache invalidation performing slowly [042]','mocked','2026-04-08 23:04:06.750476',NULL);
INSERT INTO notification_logs VALUES(37,15,'email','test14@company.com','reporter_confirmation','Elasticsearch cluster health YELLOW [014]','mocked','2026-04-08 23:04:06.763271',NULL);
INSERT INTO notification_logs VALUES(38,30,'email','test37@company.com','reporter_confirmation','Message queue depth increasing [037]','mocked','2026-04-08 23:04:06.771291',NULL);
INSERT INTO notification_logs VALUES(39,49,'email','test48@company.com','reporter_confirmation','SSL certificate expiring soon [048]','mocked','2026-04-08 23:04:06.775752',NULL);
INSERT INTO notification_logs VALUES(40,50,'email','test38@company.com','reporter_confirmation','SSL certificate expiring soon [038]','mocked','2026-04-08 23:04:06.780161',NULL);
INSERT INTO notification_logs VALUES(41,47,'email','test27@company.com','reporter_confirmation','Message queue depth increasing [027]','mocked','2026-04-08 23:04:06.781296',NULL);
INSERT INTO notification_logs VALUES(42,35,'email','test39@company.com','reporter_confirmation','Database replication lag critical [039]','mocked','2026-04-08 23:04:06.785178',NULL);
INSERT INTO notification_logs VALUES(43,21,'email','test11@company.com','reporter_confirmation','API Gateway memory leak detected [011]','mocked','2026-04-08 23:04:06.787381',NULL);
INSERT INTO notification_logs VALUES(44,55,'email','test49@company.com','reporter_confirmation','Database replication lag critical [049]','mocked','2026-04-08 23:04:06.780657',NULL);
INSERT INTO notification_logs VALUES(45,39,'email','test30@company.com','reporter_confirmation','Database connection pool exhausted [030]','mocked','2026-04-08 23:04:06.793363',NULL);
INSERT INTO notification_logs VALUES(46,48,'email','test15@company.com','reporter_confirmation','Nginx worker processes high CPU [015]','mocked','2026-04-08 23:04:06.815638',NULL);
INSERT INTO notification_logs VALUES(47,53,'email','test40@company.com','reporter_confirmation','Database connection pool exhausted [040]','mocked','2026-04-08 23:04:06.821108',NULL);
INSERT INTO notification_logs VALUES(48,8,'email','test12@company.com','reporter_confirmation','Cache invalidation performing slowly [012]','mocked','2026-04-08 23:04:06.839113',NULL);
INSERT INTO notification_logs VALUES(49,54,'email','test47@company.com','reporter_confirmation','Message queue depth increasing [047]','mocked','2026-04-08 23:04:06.755276',NULL);
INSERT INTO notification_logs VALUES(50,20,'email','test5@company.com','reporter_confirmation','Nginx worker processes high CPU [005]','mocked','2026-04-08 23:04:06.866278',NULL);
INSERT INTO notification_logs VALUES(51,51,'email','test44@company.com','reporter_confirmation','Elasticsearch cluster health YELLOW [044]','mocked','2026-04-08 23:04:06.878247',NULL);
INSERT INTO notification_logs VALUES(52,22,'email','test16@company.com','reporter_confirmation','S3 upload failures (403 Forbidden) [016]','mocked','2026-04-08 23:04:06.443680',NULL);
INSERT INTO notification_logs VALUES(53,56,'email','test46@company.com','reporter_confirmation','S3 upload failures (403 Forbidden) [046]','mocked','2026-04-08 23:04:06.757260',NULL);
INSERT INTO notification_logs VALUES(54,10,'email','test4@company.com','reporter_confirmation','Elasticsearch cluster health YELLOW [004]','mocked','2026-04-08 23:04:06.973730',NULL);
INSERT INTO notification_logs VALUES(55,11,'email','test20@company.com','reporter_confirmation','Database connection pool exhausted [020]','mocked','2026-04-08 23:04:06.988263',NULL);
CREATE UNIQUE INDEX ix_incidents_trace_id ON incidents (trace_id);
CREATE INDEX ix_observability_events_trace_id ON observability_events (trace_id);
CREATE INDEX ix_triage_results_incident_id ON triage_results (incident_id);
CREATE INDEX ix_tickets_incident_id ON tickets (incident_id);
CREATE INDEX ix_notification_logs_incident_id ON notification_logs (incident_id);
COMMIT;
